"COMMON.NAME","SCIENTIFIC.NAME"
"Asian Koel","Eudynamys scolopaceus"
"Great Egret","Ardea alba"
"Yellow-footed Green-Pigeon","Treron phoenicopterus"
"Northern Pintail","Anas acuta"
"Eurasian Wigeon","Mareca penelope"
"Common Greenshank","Tringa nebularia"
"River Tern","Sterna aurantia"
"Black Kite","Milvus migrans"
"Garganey","Spatula querquedula"
"Little Swift","Apus affinis"
"Red-rumped Swallow","Cecropis daurica"
"White-browed Wagtail","Motacilla maderaspatensis"
"Oriental Honey-buzzard","Pernis ptilorhynchus"
"Pied Bushchat","Saxicola caprata"
"Lesser Whistling-Duck","Dendrocygna javanica"
"Little Cormorant","Microcarbo niger"
"Banded Bay Cuckoo","Cacomantis sonneratii"
"Indian Swiftlet","Aerodramus unicolor"
"Little Egret","Egretta garzetta"
"Yellow-crowned Woodpecker","Leiopicus mahrattensis"
"Black-tailed Godwit","Limosa limosa"
"Striated Heron","Butorides striata"
"Spotted Dove","Streptopelia chinensis"
"Black-hooded Oriole","Oriolus xanthornus"
"White-cheeked Barbet","Psilopogon viridis"
"Black-crowned Night-Heron","Nycticorax nycticorax"
"Blue Rock-Thrush","Monticola solitarius"
"Bank Myna","Acridotheres ginginianus"
"Bronze-winged Jacana","Metopidius indicus"
"Black-throated Munia","Lonchura kelaarti"
"Pallas's Sandgrouse","Syrrhaptes paradoxus"
"Eurasian Coot","Fulica atra"
"Greater Coucal","Centropus sinensis"
"Indian Robin","Copsychus fulicatus"
"Red-wattled Lapwing","Vanellus indicus"
"Yellow-billed Babbler","Turdoides affinis"
"Spot-billed Pelican","Pelecanus philippensis"
"Yellow-wattled Lapwing","Vanellus malabaricus"
"Bronzed Drongo","Dicrurus aeneus"
"Plum-headed Parakeet","Psittacula cyanocephala"
"Mottled Wood-Owl","Strix ocellata"
"Cinereous Tit","Parus cinereus"
"Wood Sandpiper","Tringa glareola"
"White-throated Bulbul","Alophoixus flaveolus"
"Dunlin","Calidris alpina"
"Common Myna","Acridotheres tristis"
"Great Cormorant","Phalacrocorax carbo"
"Jungle Babbler","Turdoides striata"
"Gray Heron","Ardea cinerea"
"Himalayan Black-lored Tit","Machlolophus xanthogenys"
"White-cheeked Nuthatch","Sitta leucopsis"
"Malabar Trogon","Harpactes fasciatus"
"Crested Serpent-Eagle","Spilornis cheela"
"Bar-headed Goose","Anser indicus"
"White-breasted Waterhen","Amaurornis phoenicurus"
"White-crested Laughingthrush","Garrulax leucolophus"
"Indian Silverbill","Euodice malabarica"
"Gray Wagtail","Motacilla cinerea"
"White-winged Duck","Asarcornis scutulata"
"Cattle Egret","Bubulcus ibis"
"Greenish Warbler","Phylloscopus trochiloides"
"Little Tern","Sternula albifrons"
"Gray-breasted Prinia","Prinia hodgsonii"
"Eurasian Collared-Dove","Streptopelia decaocto"
"Common Pochard","Aythya ferina"
"Greater Flameback","Chrysocolaptes guttacristatus"
"Rufous-bellied Niltava","Niltava sundara"
"Indian Pond-Heron","Ardeola grayii"
"Wreathed Hornbill","Rhyticeros undulatus"
"Black-winged Kite","Elanus caeruleus"
"Little Stint","Calidris minuta"
"Vernal Hanging-Parrot","Loriculus vernalis"
"Oriental Turtle-Dove","Streptopelia orientalis"
"Black-throated Thrush","Turdus atrogularis"
"Eurasian Tree Sparrow","Passer montanus"
"Common Kingfisher","Alcedo atthis"
"Long-tailed Shrike","Lanius schach"
"Indian Spot-billed Duck","Anas poecilorhyncha"
"Siberian Stonechat","Saxicola maurus"
"Brown-headed Gull","Chroicocephalus brunnicephalus"
"Black Drongo","Dicrurus macrocercus"
"White-browed Fantail","Rhipidura aureola"
"Olive-backed Pipit","Anthus hodgsoni"
"Chestnut-bellied Nuthatch","Sitta cinnamoventris"
"Buff-barred Warbler","Phylloscopus pulcher"
"Pale-billed Flowerpecker","Dicaeum erythrorhynchos"
"Common Hawk-Cuckoo","Hierococcyx varius"
"Ruby-cheeked Sunbird","Chalcoparia singalensis"
"Rock Bunting","Emberiza cia"
"Red-headed Bullfinch","Pyrrhula erythrocephala"
"Gray Bushchat","Saxicola ferreus"
"Oriental Magpie-Robin","Copsychus saularis"
"Common House-Martin","Delichon urbicum"
"Eurasian Wryneck","Jynx torquilla"
"Hill Partridge","Arborophila torqueola"
"Intermediate Egret","Ardea intermedia"
"White-throated Kingfisher","Halcyon smyrnensis"
"Gray-headed Lapwing","Vanellus cinereus"
"Red-vented Bulbul","Pycnonotus cafer"
"Thick-billed Flowerpecker","Dicaeum agile"
"Rusty-cheeked Scimitar-Babbler","Megapomatorhinus erythrogenys"
"Bearded Vulture","Gypaetus barbatus"
"White-rumped Vulture","Gyps bengalensis"
"Brahminy Starling","Sturnia pagodarum"
"Puff-throated Babbler","Pellorneum ruficeps"
"Eurasian Marsh-Harrier","Circus aeruginosus"
"Green Sandpiper","Tringa ochropus"
"Asian Barred Owlet","Glaucidium cuculoides"
"Green Bee-eater","Merops orientalis"
"Yellow-browed Warbler","Phylloscopus inornatus"
"Black-headed Cuckooshrike","Lalage melanoptera"
"Booted Eagle","Hieraaetus pennatus"
"Steppe Eagle","Aquila nipalensis"
"Spectacled Finch","Callacanthis burtoni"
"Bay-backed Shrike","Lanius vittatus"
"White-throated Fantail","Rhipidura albicollis"
"Eurasian Sparrowhawk","Accipiter nisus"
"Red-breasted Parakeet","Psittacula alexandri"
"Common Babbler","Turdoides caudata"
"Yellow-eyed Babbler","Chrysomma sinense"
"Great Hornbill","Buceros bicornis"
"Gray-capped Woodpecker","Yungipicus canicapillus"
"Red-whiskered Bulbul","Pycnonotus jocosus"
"Rufous-bellied Woodpecker","Dendrocopos hyperythrus"
"Verditer Flycatcher","Eumyias thalassinus"
"Indian Roller","Coracias benghalensis"
"White-bellied Drongo","Dicrurus caerulescens"
"Russet Sparrow","Passer cinnamomeus"
"Common Tailorbird","Orthotomus sutorius"
"Blyth's Leaf Warbler","Phylloscopus reguloides"
"Blue-throated Barbet","Psilopogon asiaticus"
"Hair-crested Drongo","Dicrurus hottentottus"
"Common Sandpiper","Actitis hypoleucos"
"House Sparrow","Passer domesticus"
"Tickell's Blue Flycatcher","Cyornis tickelliae"
"Woolly-necked Stork","Ciconia episcopus"
"Green-tailed Sunbird","Aethopyga nipalensis"
"Little Grebe","Tachybaptus ruficollis"
"Himalayan Shrike-Babbler","Pteruthius ripleyi"
"Alpine Swift","Apus melba"
"Eurasian Hoopoe","Upupa epops"
"Orange Minivet","Pericrocotus flammeus"
"Stork-billed Kingfisher","Pelargopsis capensis"
"Gray-headed Bulbul","Brachypodius priocephalus"
"Lesser Racket-tailed Drongo","Dicrurus remifer"
"Yellow-bellied Fairy-Fantail","Chelidorhynx hypoxanthus"
"Osprey","Pandion haliaetus"
"Common Iora","Aegithina tiphia"
"Baya Weaver","Ploceus philippinus"
"Himalayan Cuckoo","Cuculus saturatus"
"Red-headed Vulture","Sarcogyps calvus"
"Striated Laughingthrush","Grammatoptila striata"
"Black-headed Ibis","Threskiornis melanocephalus"
"Himalayan Griffon","Gyps himalayensis"
"Gadwall","Mareca strepera"
"Asian Openbill","Anastomus oscitans"
"Large-billed Crow","Corvus macrorhynchos"
"Brown-breasted Flycatcher","Muscicapa muttui"
"Green-winged Teal","Anas crecca"
"Large Cuckooshrike","Coracina macei"
"Plain Prinia","Prinia inornata"
"Pied Kingfisher","Ceryle rudis"
"Terek Sandpiper","Xenus cinereus"
"Indian White-eye","Zosterops palpebrosus"
"Common Redshank","Tringa totanus"
"Large Gray Babbler","Turdoides malcolmi"
"Caspian Tern","Hydroprogne caspia"
"Indian Courser","Cursorius coromandelicus"
"House Crow","Corvus splendens"
"Asian Brown Flycatcher","Muscicapa dauurica"
"Blue Whistling-Thrush","Myophonus caeruleus"
"Bar-winged Flycatcher-shrike","Hemipus picatus"
"Streaked Weaver","Ploceus manyar"
"White-throated Laughingthrush","Ianthocincla albogularis"
"Streaked Laughingthrush","Trochalopteron lineatum"
"Black-throated Sunbird","Aethopyga saturata"
"Rufous Treepie","Dendrocitta vagabunda"
"Ruddy Shelduck","Tadorna ferruginea"
"Jungle Prinia","Prinia sylvatica"
"Spotted Owlet","Athene brama"
"Rose-ringed Parakeet","Psittacula krameri"
"Common Woodshrike","Tephrodornis pondicerianus"
"White-rumped Munia","Lonchura striata"
"White Wagtail","Motacilla alba"
"Imperial Eagle","Aquila heliaca"
"Ashy-crowned Sparrow-Lark","Eremopterix griseus"
"Himalayan Bulbul","Pycnonotus leucogenys"
"Chestnut-bellied Sandgrouse","Pterocles exustus"
"Brahminy Kite","Haliastur indus"
"Speckled Piculet","Picumnus innominatus"
"Marsh Sandpiper","Tringa stagnatilis"
"Painted Stork","Mycteria leucocephala"
"Temminck's Stint","Calidris temminckii"
"Brown-cheeked Fulvetta","Alcippe poioicephala"
"Black-rumped Flameback","Dinopium benghalense"
"Nepal Fulvetta","Alcippe nipalensis"
"Purple-rumped Sunbird","Leptocoma zeylonica"
"Oriental Darter","Anhinga melanogaster"
"Black Eagle","Ictinaetus malaiensis"
"Laughing Dove","Streptopelia senegalensis"
"Ashy Prinia","Prinia socialis"
"Pied Cuckoo","Clamator jacobinus"
"Cotton Pygmy-Goose","Nettapus coromandelianus"
"Black-crested Bulbul","Rubigula flaviventris"
"Rufous-naped Tit","Periparus rufonuchalis"
"Northern Shoveler","Spatula clypeata"
"Eurasian Kestrel","Falco tinnunculus"
"Brown Shrike","Lanius cristatus"
"Rosy Starling","Pastor roseus"
"Ashy Drongo","Dicrurus leucophaeus"
"Alexandrine Parakeet","Psittacula eupatria"
"Dark-fronted Babbler","Rhopocichla atriceps"
"Eurasian Moorhen","Gallinula chloropus"
"Long-legged Buzzard","Buteo rufinus"
"Black-crowned Sparrow-Lark","Eremopterix nigriceps"
"Tawny Pipit","Anthus campestris"
"Black-necked Crane","Grus nigricollis"
"Blue-cheeked Bee-eater","Merops persicus"
"Black Redstart","Phoenicurus ochruros"
"Scaly-breasted Munia","Lonchura punctulata"
"Fulvous-breasted Woodpecker","Dendrocopos macei"
"Malabar Starling","Sturnia blythii"
"Indian Golden Oriole","Oriolus kundoo"
"Jungle Bush-Quail","Perdicula asiatica"
"Tawny-bellied Babbler","Dumetia hyperythra"
"Barn Swallow","Hirundo rustica"
"Ferruginous Duck","Aythya nyroca"
"Golden Eagle","Aquila chrysaetos"
"Eurasian Spoonbill","Platalea leucorodia"
"Small Minivet","Pericrocotus cinnamomeus"
"Chestnut-tailed Starling","Sturnia malabarica"
"Great Barbet","Psilopogon virens"
"Shikra","Accipiter badius"
"Gray-headed Swamphen","Porphyrio poliocephalus"
"Indian Gray Hornbill","Ocyceros birostris"
"Collared Owlet","Glaucidium brodiei"
"Tree Pipit","Anthus trivialis"
"White-bellied Erpornis","Erpornis zantholeuca"
"Lemon-rumped Warbler","Phylloscopus chloronotus"
"Indian Vulture","Gyps indicus"
"Greater Spotted Eagle","Clanga clanga"
"Greater Painted-Snipe","Rostratula benghalensis"
"Black-bellied Plover","Pluvialis squatarola"
"Tawny Eagle","Aquila rapax"
"Ashy Woodswallow","Artamus fuscus"
"Ruff","Calidris pugnax"
"Mountain Scops-Owl","Otus spilocephalus"
"Red Avadavat","Amandava amandava"
"Gray Francolin","Francolinus pondicerianus"
"Coal Tit","Periparus ater"
"Falcated Duck","Mareca falcata"
"Crested Treeswift","Hemiprocne coronata"
"Taiga Flycatcher","Ficedula albicilla"
"Rock Bush-Quail","Perdicula argoondah"
"Sarus Crane","Antigone antigone"
"Black-throated Accentor","Prunella atrogularis"
"Gray-bellied Tesia","Tesia cyaniventer"
"Sirkeer Malkoha","Taccocua leschenaultii"
"Spot-breasted Fantail","Rhipidura albogularis"
"Red Collared-Dove","Streptopelia tranquebarica"
"Brown-backed Needletail","Hirundapus giganteus"
"Brown-headed Barbet","Psilopogon zeylanicus"
"Orange-bellied Leafbird","Chloropsis hardwickii"
"White-browed Bulbul","Pycnonotus luteolus"
"Long-tailed Sibia","Heterophasia picaoides"
"White-winged Redstart","Phoenicurus erythrogastrus"
"Hume's Lark","Calandrella acutirostris"
"Blue-bearded Bee-eater","Nyctyornis athertoni"
"Tickell's Leaf Warbler","Phylloscopus affinis"
"Striated Prinia","Prinia crinigera"
"Kalij Pheasant","Lophura leucomelanos"
"Lineated Barbet","Psilopogon lineatus"
"Changeable Hawk-Eagle","Nisaetus cirrhatus"
"Oriental Pied-Hornbill","Anthracoceros albirostris"
"Little Ringed Plover","Charadrius dubius"
"Oriental Pratincole","Glareola maldivarum"
"Slaty-breasted Rail","Lewinia striata"
"Wayanad Laughingthrush","Ianthocincla delesserti"
"Great Gray Shrike","Lanius excubitor"
"Kentish Plover","Charadrius alexandrinus"
"Mountain Imperial-Pigeon","Ducula badia"
"Long-tailed Minivet","Pericrocotus ethologus"
"Western Yellow Wagtail","Motacilla flava"
"Little Spiderhunter","Arachnothera longirostra"
"Indian Peafowl","Pavo cristatus"
"Black Stork","Ciconia nigra"
"Crested Lark","Galerida cristata"
"Painted Francolin","Francolinus pictus"
"White-bellied Minivet","Pericrocotus erythropygius"
"Asian Palm-Swift","Cypsiurus balasiensis"
"Indian Cormorant","Phalacrocorax fuscicollis"
"Blue-tailed Bee-eater","Merops philippinus"
"Western Crowned Warbler","Phylloscopus occipitalis"
"Asian Pied Starling","Gracupica contra"
"Spot-winged Starling","Saroglossa spilopterus"
"Yellow-bellied Warbler","Abroscopus superciliaris"
"Hen Harrier","Circus cyaneus"
"Scarlet Minivet","Pericrocotus speciosus"
"Greater Racket-tailed Drongo","Dicrurus paradiseus"
"Black Francolin","Francolinus francolinus"
"Gray-winged Blackbird","Turdus boulboul"
"Bar-tailed Treecreeper","Certhia himalayana"
"Indian Paradise-Flycatcher","Terpsiphone paradisi"
"Rufous Sibia","Heterophasia capistrata"
"Black-winged Stilt","Himantopus himantopus"
"Black-necked Stork","Ephippiorhynchus asiaticus"
"Black-winged Cuckooshrike","Lalage melaschistos"
"Egyptian Vulture","Neophron percnopterus"
"Purple Sunbird","Cinnyris asiaticus"
"Red-breasted Flycatcher","Ficedula parva"
"Short-toed Snake-Eagle","Circaetus gallicus"
"Desert Wheatear","Oenanthe deserti"
"Common Chiffchaff","Phylloscopus collybita"
"Northern Lapwing","Vanellus vanellus"
"Mallard","Anas platyrhynchos"
"Greater Necklaced Laughingthrush","Ianthocincla pectoralis"
"Pheasant-tailed Jacana","Hydrophasianus chirurgus"
"White-throated Dipper","Cinclus cinclus"
"Indian Thick-knee","Burhinus indicus"
"Black-breasted Weaver","Ploceus benghalensis"
"Purple Heron","Ardea purpurea"
"Knob-billed Duck","Sarkidiornis melanotos"
"White-tailed Lapwing","Vanellus leucurus"
"Paddyfield Pipit","Anthus rufulus"
"Jack Snipe","Lymnocryptes minimus"
"Pied Avocet","Recurvirostra avosetta"
"Pacific Golden-Plover","Pluvialis fulva"
"Red Junglefowl","Gallus gallus"
"Citrine Wagtail","Motacilla citreola"
"Chestnut-headed Bee-eater","Merops leschenaulti"
"Jungle Owlet","Glaucidium radiatum"
"Heart-spotted Woodpecker","Hemicircus canente"
"Gray-throated Martin","Riparia chinensis"
"Gull-billed Tern","Gelochelidon nilotica"
"Whiskered Tern","Chlidonias hybrida"
"Graylag Goose","Anser anser"
"Clamorous Reed Warbler","Acrocephalus stentoreus"
"Zitting Cisticola","Cisticola juncidis"
"Red-naped Ibis","Pseudibis papillosa"
"Slaty-blue Flycatcher","Ficedula tricolor"
"Indochinese Roller","Coracias affinis"
"Booted Warbler","Iduna caligata"
"Spotted Redshank","Tringa erythropus"
"Plain Mountain-Finch","Leucosticte nemoricola"
"Isabelline Wheatear","Oenanthe isabellina"
"Common Crane","Grus grus"
"Demoiselle Crane","Anthropoides virgo"
"Brown Dipper","Cinclus pallasii"
"Scaly-bellied Woodpecker","Picus squamatus"
"Hoary-throated Barwing","Actinodura nipalensis"
"Lesser Whitethroat","Sylvia curruca"
"Nilgiri Flowerpecker","Dicaeum concolor"
"Eurasian Crag-Martin","Ptyonoprogne rupestris"
"Pink-browed Rosefinch","Carpodacus rodochroa"
"Pallid Harrier","Circus macrourus"
"Blue-capped Redstart","Phoenicurus coeruleocephala"
"Greater Sand-Plover","Charadrius leschenaultii"
"Blue-faced Malkoha","Phaenicophaeus viridirostris"
"Rufous-breasted Accentor","Prunella strophiata"
"Bluethroat","Luscinia svecica"
"Indian Nuthatch","Sitta castanea"
"Wire-tailed Swallow","Hirundo smithii"
"Blyth's Reed Warbler","Acrocephalus dumetorum"
"Black Bittern","Ixobrychus flavicollis"
"Hume's Warbler","Phylloscopus humei"
"Yellow-throated Sparrow","Gymnoris xanthocollis"
"Great White Pelican","Pelecanus onocrotalus"
"Siberian Crane","Leucogeranus leucogeranus"
"White Stork","Ciconia ciconia"
"Glossy Ibis","Plegadis falcinellus"
"Dusky Eagle-Owl","Bubo coromandus"
"Indian Spotted Eagle","Clanga hastata"
"Red-crested Pochard","Netta rufina"
"Coppersmith Barbet","Psilopogon haemacephalus"
"Orange-headed Thrush","Geokichla citrina"
"European Starling","Sturnus vulgaris"
"Gray-headed Canary-Flycatcher","Culicicapa ceylonensis"
"White-tailed Iora","Aegithina nigrolutea"
"Sulphur-bellied Warbler","Phylloscopus griseolus"
"Tufted Duck","Aythya fuligula"
"Large-tailed Nightjar","Caprimulgus macrurus"
"Streak-throated Swallow","Petrochelidon fluvicola"
"Indian Spotted Creeper","Salpornis spilonota"
"Peregrine Falcon","Falco peregrinus"
"Lesser Sand-Plover","Charadrius mongolus"
"Crested Kingfisher","Megaceryle lugubris"
"Asian Fairy-bluebird","Irena puella"
"Barred Cuckoo-Dove","Macropygia unchall"
"Black-headed Gull","Chroicocephalus ridibundus"
"Sykes's Short-toed Lark","Calandrella dukhunensis"
"Barred Buttonquail","Turnix suscitator"
"Long-billed Pipit","Anthus similis"
"Plaintive Cuckoo","Cacomantis merulinus"
"Oriental Skylark","Alauda gulgula"
"Common Snipe","Gallinago gallinago"
"Variegated Laughingthrush","Trochalopteron variegatum"
"Long-toed Stint","Calidris subminuta"
"Northern Goshawk","Accipiter gentilis"
"White-capped Redstart","Phoenicurus leucocephalus"
"Indian Cuckoo","Cuculus micropterus"
"Crimson-backed Sunbird","Leptocoma minima"
"Malabar Pied-Hornbill","Anthracoceros coronatus"
"Common Cuckoo","Cuculus canorus"
"Black-bellied Tern","Sterna acuticauda"
"Ground Tit","Pseudopodoces humilis"
"Gray Junglefowl","Gallus sonneratii"
"Red-billed Chough","Pyrrhocorax pyrrhocorax"
"Mountain Chiffchaff","Phylloscopus sindianus"
"Pallas's Gull","Ichthyaetus ichthyaetus"
"Dusky Warbler","Phylloscopus fuscatus"
"Common Tern","Sterna hirundo"
"White-eyed Buzzard","Butastur teesa"
"Little Bittern","Ixobrychus minutus"
"Macqueen's Bustard","Chlamydotis macqueenii"
"Indian Scops-Owl","Otus bakkamoena"
"Chestnut-crowned Warbler","Phylloscopus castaniceps"
"Altai Accentor","Prunella himalayana"
"White-bellied Blue Flycatcher","Cyornis pallidipes"
"Dusky Crag-Martin","Ptyonoprogne concolor"
"Indian Skimmer","Rynchops albicollis"
"Beautiful Sibia","Heterophasia pulchella"
"White-bellied Heron","Ardea insignis"
"Indian Pitta","Pitta brachyura"
"Eurasian Wren","Troglodytes troglodytes"
"White-tailed Nuthatch","Sitta himalayensis"
"Great Crested Grebe","Podiceps cristatus"
"Pied Harrier","Circus melanoleucos"
"Common Raven","Corvus corax"
"Crab-Plover","Dromas ardeola"
"Rufous-tailed Lark","Ammomanes phoenicura"
"Short-billed Minivet","Pericrocotus brevirostris"
"Small Pratincole","Glareola lactea"
"Jerdon's Bushlark","Mirafra affinis"
"Horned Lark","Eremophila alpestris"
"Golden-fronted Leafbird","Chloropsis aurifrons"
"Orange-breasted Green-Pigeon","Treron bicinctus"
"Blue-fronted Redstart","Phoenicurus frontalis"
"Baillon's Crake","Zapornia pusilla"
"Greater Flamingo","Phoenicopterus roseus"
"Malabar Gray Hornbill","Ocyceros griseus"
"Gray-bellied Cuckoo","Cacomantis passerinus"
"Vigors's Sunbird","Aethopyga vigorsii"
"White-capped Bunting","Emberiza stewarti"
"Bay Woodpecker","Blythipicus pyrrhotis"
"Malabar Whistling-Thrush","Myophonus horsfieldii"
"Curlew Sandpiper","Calidris ferruginea"
"Red Spurfowl","Galloperdix spadicea"
"Pin-tailed Snipe","Gallinago stenura"
"Indian Bushlark","Mirafra erythroptera"
"Slender-billed Gull","Chroicocephalus genei"
"Lesser Adjutant","Leptoptilos javanicus"
"Ashy Bulbul","Hemixos flavala"
"Brown Fish-Owl","Ketupa zeylonensis"
"Slaty-headed Parakeet","Psittacula himalayana"
"Brown-capped Woodpecker","Yungipicus nanus"
"Indian Nightjar","Caprimulgus asiaticus"
"Yellow-billed Blue-Magpie","Urocissa flavirostris"
"Savanna Nightjar","Caprimulgus affinis"
"Eastern Orphean Warbler","Sylvia crassirostris"
"Gray Treepie","Dendrocitta formosae"
"Fire-capped Tit","Cephalopyrus flammiceps"
"Cinnamon Bittern","Ixobrychus cinnamomeus"
"Malabar Parakeet","Psittacula columboides"
"Streak-throated Woodpecker","Picus xanthopygaeus"
"Western Reef-Heron","Egretta gularis"
"Black-capped Kingfisher","Halcyon pileata"
"Oriental Scops-Owl","Otus sunia"
"Jungle Myna","Acridotheres fuscus"
"Montagu's Harrier","Circus pygargus"
"Eurasian Griffon","Gyps fulvus"
"Tibetan Snowcock","Tetraogallus tibetanus"
"Rufous Babbler","Turdoides subrufa"
"Jerdon's Leafbird","Chloropsis jerdoni"
"Black-headed Mountain-Finch","Leucosticte brandti"
"Indian Blackbird","Turdus simillimus"
"Indian Yellow Tit","Machlolophus aplonotus"
"Green Warbler","Phylloscopus nitidus"
"Eurasian Curlew","Numenius arquata"
"Ultramarine Flycatcher","Ficedula superciliaris"
"Ruddy-breasted Crake","Zapornia fusca"
"Lesser Yellownape","Picus chlorolophus"
"Pallas's Fish-Eagle","Haliaeetus leucoryphus"
"Rusty-fronted Barwing","Actinodura egertoni"
"Pin-tailed Green-Pigeon","Treron apicauda"
"Rufous-necked Laughingthrush","Ianthocincla ruficollis"
"Yellow-browed Bulbul","Iole indica"
"Common Rosefinch","Carpodacus erythrinus"
"White-headed Starling","Sturnia erythropygia"
"Great Thick-knee","Esacus recurvirostris"
"Fire-fronted Serin","Serinus pusillus"
"Lesser Black-backed Gull","Larus fuscus"
"Rufous-gorgeted Flycatcher","Ficedula strophiata"
"Siberian Rubythroat","Calliope calliope"
"Sanderling","Calidris alba"
"White-eared Bulbul","Pycnonotus leucotis"
"Forest Wagtail","Dendronanthus indicus"
"Black-chinned Babbler","Cyanoderma pyrrhops"
"Plumbeous Redstart","Phoenicurus fuliginosus"
"Mountain Hawk-Eagle","Nisaetus nipalensis"
"Indian Scimitar-Babbler","Pomatorhinus horsfieldii"
"Rain Quail","Coturnix coromandelica"
"Cinereous Vulture","Aegypius monachus"
"Blue-throated Flycatcher","Cyornis rubeculoides"
"Loten's Sunbird","Cinnyris lotenius"
"Velvet-fronted Nuthatch","Sitta frontalis"
"Little Forktail","Enicurus scouleri"
"Richard's Pipit","Anthus richardi"
"Malabar Barbet","Psilopogon malabaricus"
"Koklass Pheasant","Pucrasia macrolopha"
"Crimson Sunbird","Aethopyga siparaja"
"Chestnut-crowned Laughingthrush","Trochalopteron erythrocephalum"
"Square-tailed Bulbul","Hypsipetes ganeesa"
"Nilgiri Flycatcher","Eumyias albicaudatus"
"Flame-throated Bulbul","Rubigula gularis"
"Little Owl","Athene noctua"
"Barn Owl","Tyto alba"
"Rufous-throated Partridge","Arborophila rufogularis"
"Yellow-legged Buttonquail","Turnix tanki"
"White-collared Blackbird","Turdus albocinctus"
"Paddyfield Warbler","Acrocephalus agricola"
"Sand Lark","Alaudala raytal"
"Little Pied Flycatcher","Ficedula westermanni"
"White-rumped Shama","Copsychus malabaricus"
"Himalayan Buzzard","Buteo refectus"
"Whiskered Yuhina","Yuhina flavicollis"
"Tickell's Thrush","Turdus unicolor"
"Graceful Prinia","Prinia gracilis"
"Green-backed Tit","Parus monticolus"
"Rusty-flanked Treecreeper","Certhia nipalensis"
"Ruddy Turnstone","Arenaria interpres"
"Chestnut-bellied Rock-Thrush","Monticola rufiventris"
"Brown Rock Chat","Oenanthe fusca"
"Little Bunting","Emberiza pusilla"
"Mangrove Whistler","Pachycephala cinerea"
"Red-tailed Minla","Minla ignotincta"
"Brown Boobook","Ninox scutulata"
"White-cheeked Partridge","Arborophila atrogularis"
"House Swift","Apus nipalensis"
"Scaly Laughingthrush","Trochalopteron subunicolor"
"Large-billed Leaf Warbler","Phylloscopus magnirostris"
"White-hooded Babbler","Gampsorhynchus rufulus"
"Long-tailed Parakeet","Psittacula longicauda"
"Indian Blue Robin","Larvivora brunnea"
"Black Bulbul","Hypsipetes leucocephalus"
"Gray-headed Woodpecker","Picus canus"
"Black-faced Warbler","Abroscopus schisticeps"
"Desert Lark","Ammomanes deserti"
"Common Shelduck","Tadorna tadorna"
"Brownish-flanked Bush Warbler","Horornis fortipes"
"Mountain Bulbul","Ixos mcclellandii"
"Swamp Francolin","Francolinus gularis"
"Common Hill Myna","Gracula religiosa"
"Gray-hooded Warbler","Phylloscopus xanthoschistos"
"Crimson-breasted Woodpecker","Dryobates cathpharius"
"Spotted Forktail","Enicurus maculatus"
"Great Crested Tern","Thalasseus bergii"
"Gray-sided Bush Warbler","Cettia brunnifrons"
"River Lapwing","Vanellus duvaucelii"
"Black-throated Tit","Aegithalos concinnus"
"Brown-fronted Woodpecker","Dendrocoptes auriceps"
"Brown Crake","Zapornia akool"
"Red-backed Shrike","Lanius collurio"
"Bimaculated Lark","Melanocorypha bimaculata"
"Gray-backed Shrike","Lanius tephronotus"
"Scaly Thrush","Zoothera dauma"
"Scaly-breasted Cupwing","Pnoepyga albiventer"
"White-browed Fulvetta","Fulvetta vinipectus"
"Gray Peacock-Pheasant","Polyplectron bicalcaratum"
"Southern Hill Myna","Gracula indica"
"Rosy Pipit","Anthus roseatus"
"Long-tailed Duck","Clangula hyemalis"
"European Goldfinch","Carduelis carduelis"
"Chestnut-tailed Minla","Actinodura strigula"
"Dollarbird","Eurystomus orientalis"
"Green Imperial-Pigeon","Ducula aenea"
"Blue-winged Minla","Actinodura cyanouroptera"
"Streaked Spiderhunter","Arachnothera magna"
"Black-naped Monarch","Hypothymis azurea"
"Fire-tailed Sunbird","Aethopyga ignicauda"
"White-bellied Woodpecker","Dryocopus javensis"
"Horned Grebe","Podiceps auritus"
"Red-billed Blue-Magpie","Urocissa erythroryncha"
"Gray-fronted Green-Pigeon","Treron affinis"
"Rock Pigeon","Columba livia"
"Upland Pipit","Anthus sylvanus"
"Chukar","Alectoris chukar"
"Red-necked Falcon","Falco chicquera"
"Tricolored Munia","Lonchura malacca"
"Black-winged Snowfinch","Montifringilla adamsi"
"White-naped Woodpecker","Chrysocolaptes festivus"
"Tytler's Leaf Warbler","Phylloscopus tytleri"
"Jerdon's Nightjar","Caprimulgus atripennis"
"Pin-striped Tit-Babbler","Mixornis gularis"
"Asian Emerald Dove","Chalcophaps indica"
"Singing Bushlark","Mirafra cantillans"
"Wedge-tailed Green-Pigeon","Treron sphenurus"
"Himalayan Woodpecker","Dendrocopos himalayensis"
"Fire-breasted Flowerpecker","Dicaeum ignipectus"
"Green-billed Malkoha","Phaenicophaeus tristis"
"Black-headed Jay","Garrulus lanceolatus"
"Buff-chested Babbler","Cyanoderma ambiguum"
"Blue-capped Rock-Thrush","Monticola cinclorhyncha"
"Large Woodshrike","Tephrodornis virgatus"
"Red-headed Trogon","Harpactes erythrocephalus"
"Broad-billed Sandpiper","Calidris falcinellus"
"Great Knot","Calidris tenuirostris"
"White-bellied Sea-Eagle","Haliaeetus leucogaster"
"Painted Sandgrouse","Pterocles indicus"
"Asian Dowitcher","Limnodromus semipalmatus"
"Painted Spurfowl","Galloperdix lunulata"
"Small Niltava","Niltava macgrigoriae"
"Black-and-orange Flycatcher","Ficedula nigrorufa"
"Himalayan Rubythroat","Calliope pectoralis"
"Pale-chinned Blue Flycatcher","Cyornis poliogenys"
"Large Niltava","Niltava grandis"
"Asian Emerald Cuckoo","Chrysococcyx maculatus"
"Mongolian Finch","Bucanetes mongolicus"
"Golden-headed Cisticola","Cisticola exilis"
"Flavescent Bulbul","Pycnonotus flavescens"
"Rufescent Prinia","Prinia rufescens"
"Pale Sand Martin","Riparia diluta"
"Yellow-browed Tit","Sylviparus modestus"
"Hill Pigeon","Columba rupestris"
"White-naped Tit","Machlolophus nuchalis"
"Blue-breasted Quail","Synoicus chinensis"
"Black-backed Forktail","Enicurus immaculatus"
"Whimbrel","Numenius phaeopus"
"Bar-tailed Godwit","Limosa lapponica"
"Snow Pigeon","Columba leuconota"
"Eurasian Jay","Garrulus glandarius"
"Malabar Lark","Galerida malabarica"
"Goldcrest","Regulus regulus"
"Laggar Falcon","Falco jugger"
"White-tailed Eagle","Haliaeetus albicilla"
"Square-tailed Drongo-Cuckoo","Surniculus lugubris"
"Rufous-fronted Prinia","Prinia buchanani"
"Maroon Oriole","Oriolus traillii"
"Common Merganser","Mergus merganser"
"Crested Bunting","Emberiza lathami"
"Long-billed Thrush","Zoothera monticola"
"Greater Yellownape","Chrysophlegma flavinucha"
"Wallcreeper","Tichodroma muraria"
"Pied Wheatear","Oenanthe pleschanka"
"Mount Victoria Babax","Ianthocincla woodi"
"Jungle Nightjar","Caprimulgus indicus"
"Twite","Linaria flavirostris"
"White-winged Tern","Chlidonias leucopterus"
"Greater Short-toed Lark","Calandrella brachydactyla"
"Common Swift","Apus apus"
"Common Buzzard","Buteo buteo"
"Black-headed Bunting","Emberiza melanocephala"
"Crested Goshawk","Accipiter trivirgatus"
"Red-headed Bunting","Emberiza bruniceps"
"Barred Warbler","Sylvia nisoria"
"White-rumped Needletail","Zoonavena sylvatica"
"Spotted Laughingthrush","Ianthocincla ocellata"
"Rufous Woodpecker","Micropternus brachyurus"
"Bengal Bushlark","Mirafra assamica"
"Great Rosefinch","Carpodacus rubicilla"
"Dark-sided Flycatcher","Muscicapa sibirica"
"Lesser Crested Tern","Thalasseus bengalensis"
"Sandwich Tern","Thalasseus sandvicensis"
"White-bellied Treepie","Dendrocitta leucogastra"
"Lesser Coucal","Centropus bengalensis"
"Malabar Woodshrike","Tephrodornis sylvicola"
"Pale-legged Leaf Warbler","Phylloscopus tenellipes"
"Eurasian Oystercatcher","Haematopus ostralegus"
"Variable Wheatear","Oenanthe picata"
"Himalayan Bluetail","Tarsiger rufilatus"
"White-spectacled Warbler","Phylloscopus intermedius"
"Bonelli's Eagle","Aquila fasciata"
"Pale-headed Woodpecker","Gecinulus grantia"
"Green Shrike-Babbler","Pteruthius xanthochlorus"
"Gray-throated Babbler","Stachyris nigriceps"
"Watercock","Gallicrex cinerea"
"Chestnut-capped Babbler","Timalia pileata"
"Green-crowned Warbler","Phylloscopus burkii"
"Yellow-vented Warbler","Phylloscopus cantator"
"Rufous-chinned Laughingthrush","Ianthocincla rufogularis"
"Black-naped Tern","Sterna sumatrana"
"Striated Bulbul","Pycnonotus striatus"
"White-naped Yuhina","Yuhina bakeri"
"Yellow-bellied Prinia","Prinia flaviventris"
"Gray-sided Thrush","Turdus feae"
"White-browed Bush-Robin","Tarsiger indicus"
"White-tailed Robin","Myiomela leucura"
"Black-and-yellow Grosbeak","Mycerobas icterioides"
"Scarlet Finch","Carpodacus sipahi"
"Golden Babbler","Cyanoderma chrysaeum"
"Blue-winged Leafbird","Chloropsis cochinchinensis"
"Fire-tailed Myzornis","Myzornis pyrrhoura"
"Fulvous Whistling-Duck","Dendrocygna bicolor"
"Lesser Flamingo","Phoeniconaias minor"
"Chestnut-eared Bunting","Emberiza fucata"
"Eurasian Jackdaw","Corvus monedula"
"Mistle Thrush","Turdus viscivorus"
"Red-billed Leiothrix","Leiothrix lutea"
"Thick-billed Warbler","Arundinax aedon"
"Jerdon's Courser","Rhinoptilus bitorquatus"
"Sykes's Warbler","Iduna rama"
"Striated Babbler","Turdoides earlei"
"Bohemian Waxwing","Bombycilla garrulus"
"Dark-rumped Rosefinch","Carpodacus edwardsii"
"White-tailed Stonechat","Saxicola leucurus"
"Golden Bush-Robin","Tarsiger chrysaeus"
"Yellow-throated Bulbul","Pycnonotus xantholaemus"
"Blue-eared Barbet","Psilopogon duvaucelii"
"Black-chinned Yuhina","Yuhina nigrimenta"
"Himalayan Swiftlet","Aerodramus brevirostris"
"Ashy-throated Warbler","Phylloscopus maculipennis"
"Eurasian Nutcracker","Nucifraga caryocatactes"
"Daurian Redstart","Phoenicurus auroreus"
"Blue-naped Pitta","Hydrornis nipalensis"
"Water Rail","Rallus aquaticus"
"White-browed Scimitar-Babbler","Pomatorhinus schisticeps"
"Aberrant Bush Warbler","Horornis flavolivaceus"
"Hodgson's Treecreeper","Certhia hodgsoni"
"Slender-billed Vulture","Gyps tenuirostris"
"Chinese Rubythroat","Calliope tschebaiewi"
"White-bellied Redstart","Luscinia phaenicuroides"
"Slaty-backed Forktail","Enicurus schistaceus"
"Marbled Teal","Marmaronetta angustirostris"
"Yellow-breasted Greenfinch","Chloris spinoides"
"Common Flameback","Dinopium javanense"
"Isabelline Shrike","Lanius isabellinus"
"Slender-billed Scimitar-Babbler","Pomatorhinus superciliaris"
"Sultan Tit","Melanochlora sultanea"
"Black Baza","Aviceda leuphotes"
"Nepal House-Martin","Delichon nipalense"
"Himalayan Flameback","Dinopium shorii"
"Hill Swallow","Hirundo domicola"
"Solitary Snipe","Gallinago solitaria"
"Pied Thrush","Geokichla wardii"
"Sind Sparrow","Passer pyrrhonotus"
"Black-breasted Thrush","Turdus dissimilis"
"Yellow-billed Chough","Pyrrhocorax graculus"
"White-crowned Penduline-Tit","Remiz coronatus"
"Eurasian Woodcock","Scolopax rusticola"
"Large Hawk-Cuckoo","Hierococcyx sparverioides"
"Gray Sibia","Heterophasia gracilis"
"Lesser Fish-Eagle","Haliaeetus humilis"
"Black-throated Prinia","Prinia atrogularis"
"Long-tailed Broadbill","Psarisomus dalhousiae"
"Great Eared-Nightjar","Lyncornis macrotis"
"Rufous-breasted Bush-Robin","Tarsiger hyperythrus"
"Striated Grassbird","Megalurus palustris"
"Gray-crested Tit","Lophophanes dichrous"
"Rusty-tailed Flycatcher","Ficedula ruficauda"
"Sooty Tern","Onychoprion fuscatus"
"Silver-eared Mesia","Leiothrix argentauris"
"Striolated Bunting","Emberiza striolata"
"Blanford's Snowfinch","Montifringilla blanfordi"
"Beautiful Nuthatch","Sitta formosa"
"Great Slaty Woodpecker","Mulleripicus pulverulentus"
"Golden-breasted Fulvetta","Lioparus chrysotis"
"Hume's Bush Warbler","Horornis brunnescens"
"Thick-billed Green-Pigeon","Treron curvirostra"
"Yellow Bittern","Ixobrychus sinensis"
"Eurasian Hobby","Falco subbuteo"
"Speckled Wood-Pigeon","Columba hodgsonii"
"Brambling","Fringilla montifringilla"
"Blue-winged Laughingthrush","Trochalopteron squamatum"
"Brown Wood-Owl","Strix leptogrammica"
"Plain Flowerpecker","Dicaeum minullum"
"Blyth's Rosefinch","Carpodacus grandis"
"Assam Laughingthrush","Trochalopteron chrysopterum"
"Whistler's Warbler","Phylloscopus whistleri"
"Maroon-backed Accentor","Prunella immaculata"
"Spot-winged Rosefinch","Carpodacus rodopeplus"
"Robin Accentor","Prunella rubeculoides"
"Rufous-bellied Eagle","Lophotriorchis kienerii"
"Snowy-browed Flycatcher","Ficedula hyperythra"
"Gray-chinned Minivet","Pericrocotus solaris"
"Mrs. Gould's Sunbird","Aethopyga gouldiae"
"Nilgiri Pipit","Anthus nilghiriensis"
"Marsh Babbler","Pellorneum palustre"
"Gray Nightjar","Caprimulgus jotaka"
"Himalayan Monal","Lophophorus impejanus"
"Cheer Pheasant","Catreus wallichii"
"Ibisbill","Ibidorhyncha struthersii"
"Corn Crake","Crex crex"
"Reed Bunting","Emberiza schoeniclus"
"Upland Buzzard","Buteo hemilasius"
"Greater Hoopoe-Lark","Alaemon alaudipes"
"Pallas's Grasshopper-Warbler","Locustella certhiola"
"Gray-headed Fish-Eagle","Haliaeetus ichthyaetus"
"Rosy Minivet","Pericrocotus roseus"
"Black-faced Bunting","Emberiza spodocephala"
"Rufous-vented Laughingthrush","Ianthocincla gularis"
"Brooks's Leaf Warbler","Phylloscopus subviridis"
"Ferruginous Flycatcher","Muscicapa ferruginea"
"Alpine Accentor","Prunella collaris"
"Common Ringed Plover","Charadrius hiaticula"
"Hooded Pitta","Pitta sordida"
"White-throated Tit","Aegithalos niveogularis"
"Tawny Lark","Galerida deva"
"Chestnut Thrush","Turdus rubrocanus"
"Dark-breasted Rosefinch","Procarduelis nipalensis"
"Eyebrowed Thrush","Turdus obscurus"
"White-browed Piculet","Sasia ochracea"
"Oriental Hobby","Falco severus"
"Besra","Accipiter virgatus"
"Carrion Crow","Corvus corone"
"Black-throated Parrotbill","Suthora nipalensis"
"Rufous-backed Sibia","Minla annectens"
"Black-backed Dwarf-Kingfisher","Ceyx erithaca"
"Broad-billed Warbler","Tickellia hodgsoni"
"Olive-backed Sunbird","Cinnyris jugularis"
"Yellow-cheeked Tit","Machlolophus spilonotus"
"Yellow-throated Fulvetta","Schoeniparus cinereus"
"Gold-naped Finch","Pyrrhoplectes epauletta"
"Gray-cheeked Warbler","Phylloscopus poliogenys"
"White-browed Bushchat","Saxicola macrorhynchus"
"Cream-colored Courser","Cursorius cursor"
"Kashmir Flycatcher","Ficedula subrubra"
"Black-naped Oriole","Oriolus chinensis"
"Blyth's Shrike-Babbler","Pteruthius aeralatus"
"Jerdon's Babbler","Chrysomma altirostre"
"Abbott's Babbler","Turdinus abbotti"
"Eurasian Magpie","Pica pica"
"Andaman Serpent-Eagle","Spilornis elgini"
"Rufous-winged Fulvetta","Schoeniparus castaneceps"
"Sri Lanka Frogmouth","Batrachostomus moniliger"
"Rufous-headed Parrotbill","Psittiparus bakeri"
"Black-faced Laughingthrush","Trochalopteron affine"
"Alpine Thrush","Zoothera mollissima"
"Smoky Warbler","Phylloscopus fuligiventer"
"Greater Adjutant","Leptoptilos dubius"
"Common Quail","Coturnix coturnix"
"Pale Blue Flycatcher","Cyornis unicolor"
"Orange Bullfinch","Pyrrhula aurantiaca"
"Common Green-Magpie","Cissa chinensis"
"Hodgson's Hawk-Cuckoo","Hierococcyx nisicolor"
"Spot-throated Babbler","Pellorneum albiventre"
"Palani Laughingthrush","Montecincla fairbanki"
"Darjeeling Woodpecker","Dendrocopos darjellensis"
"Masked Finfoot","Heliopais personatus"
"Silver-breasted Broadbill","Serilophus lunatus"
"Eurasian Linnet","Linaria cannabina"
"Pygmy Cupwing","Pnoepyga pusilla"
"Blue Pitta","Hydrornis cyaneus"
"Asian Desert Warbler","Sylvia nana"
"Spot-winged Grosbeak","Mycerobas melanozanthos"
"Common Redstart","Phoenicurus phoenicurus"
"Brown Noddy","Anous stolidus"
"Gray-necked Bunting","Emberiza buchanani"
"Long-billed Wren-Babbler","Napothera malacoptila"
"Collared Treepie","Dendrocitta frontalis"
"Stripe-throated Yuhina","Yuhina gularis"
"Streak-breasted Scimitar-Babbler","Pomatorhinus ruficollis"
"Brown Skua","Stercorarius antarcticus"
"Pacific Swallow","Hirundo tahitica"
"Himalayan Cutia","Cutia nipalensis"
"Golden-throated Barbet","Psilopogon franklinii"
"Crow-billed Drongo","Dicrurus annectens"
"Streaked Shearwater","Calonectris leucomelas"
"Crimson-browed Finch","Carpodacus subhimachalus"
"Arctic Tern","Sterna paradisaea"
"Himalayan Quail","Ophrysia superciliosa"
"Collared Falconet","Microhierax caerulescens"
"Blyth's Pipit","Anthus godlewskii"
"Persian Wheatear","Oenanthe chrysopygia"
"Lesser Necklaced Laughingthrush","Garrulax monileger"
"Scarlet-backed Flowerpecker","Dicaeum cruentatum"
"Blossom-headed Parakeet","Psittacula roseata"
"Chestnut-headed Tesia","Cettia castaneocoronata"
"Brown Accentor","Prunella fulvescens"
"Spotted Sandgrouse","Pterocles senegallus"
"White-crowned Forktail","Enicurus leschenaulti"
"Nilgiri Wood-Pigeon","Columba elphinstonii"
"Streaked Wren-Babbler","Turdinus brevicaudatus"
"Small Buttonquail","Turnix sylvaticus"
"Dalmatian Pelican","Pelecanus crispus"
"Ortolan Bunting","Emberiza hortulana"
"Pale-billed Parrotbill","Chleuasicus atrosuperciliaris"
"Pink-headed Duck","Rhodonessa caryophyllacea"
"Himalayan Owl","Strix nivicolum"
"Great Myna","Acridotheres grandis"
"Buff-throated Warbler","Phylloscopus subaffinis"
"Asian House-Martin","Delichon dasypus"
"Red Crossbill","Loxia curvirostra"
"Rufous-throated Wren-Babbler","Spelaeornis caudatus"
"Spot-bellied Eagle-Owl","Bubo nipalensis"
"Andaman Drongo","Dicrurus andamanensis"
"Andaman Flowerpecker","Dicaeum virescens"
"Pygmy Flycatcher","Ficedula hodgsoni"
"Rufous-capped Babbler","Cyanoderma ruficeps"
"Blunt-winged Warbler","Acrocephalus concinens"
"Black-eared Shrike-Babbler","Pteruthius melanotis"
"Common Wood-Pigeon","Columba palumbus"
"White-throated Needletail","Hirundapus caudacutus"
"Sri Lanka Bay-Owl","Phodilus assimilis"
"Painted Bush-Quail","Perdicula erythrorhyncha"
"Hooded Crow","Corvus cornix"
"European Roller","Coracias garrulus"
"Little Gull","Hydrocoloeus minutus"
"Ashy Minivet","Pericrocotus divaricatus"
"Yellow-rumped Flycatcher","Ficedula zanthopygia"
"Slaty-bellied Tesia","Tesia olivea"
"Himalayan Shortwing","Brachypteryx cruralis"
"Brown Bullfinch","Pyrrhula nipalensis"
"Nicobar Pigeon","Caloenas nicobarica"
"Large Scimitar-Babbler","Megapomatorhinus hypoleucos"
"Ruddy Kingfisher","Halcyon coromanda"
"Eared Grebe","Podiceps nigricollis"
"Malayan Night-Heron","Gorsachius melanolophus"
"Short-eared Owl","Asio flammeus"
"Pied Falconet","Microhierax melanoleucos"
"Brown Parrotbill","Cholornis unicolor"
"Himalayan Snowcock","Tetraogallus himalayensis"
"Green Peafowl","Pavo muticus"
"Buff-breasted Babbler","Pellorneum tickelli"
"White-nest Swiftlet","Aerodramus fuciphagus"
"Red-necked Stint","Calidris ruficollis"
"Red-necked Grebe","Podiceps grisegena"
"Lesser Gray Shrike","Lanius minor"
"Plume-toed Swiftlet","Collocalia affinis"
"Nicobar Scrubfowl","Megapodius nicobariensis"
"Western Tragopan","Tragopan melanocephalus"
"Yellow-vented Flowerpecker","Dicaeum chrysorrheum"
"Bengal Florican","Houbaropsis bengalensis"
"Andaman Bulbul","Brachypodius fuscoflavescens"
"Dark-rumped Swift","Apus acuticauda"
"Asian Glossy Starling","Aplonis panayensis"
"Baer's Pochard","Aythya baeri"
"Swamp Grass Babbler","Laticilla cinerascens"
"Spotted Bush Warbler","Locustella thoracica"
"Spanish Sparrow","Passer hispaniolensis"
"Streaked Rosefinch","Carpodacus rubicilloides"
"Nilgiri Laughingthrush","Montecincla cachinnans"
"Common Grasshopper-Warbler","Locustella naevia"
"Whooper Swan","Cygnus cygnus"
"Blyth's Swift","Apus leuconyx"
"Pin-tailed Sandgrouse","Pterocles alchata"
"Tawny Owl","Strix aluco"
"Jerdon's Baza","Aviceda jerdoni"
"Little Bustard","Tetrax tetrax"
"Swinhoe's Snipe","Gallinago megala"
"Andaman Shama","Copsychus albiventris"
"Andaman Boobook","Ninox affinis"
"Pacific Reef-Heron","Egretta sacra"
"Andaman Treepie","Dendrocitta bayleii"
"Rusty-bellied Shortwing","Brachypteryx hyperythra"
"Rufous-vented Tit","Periparus rubidiventris"
"Blue-eared Kingfisher","Alcedo meninting"
"Nilgiri Sholakili","Sholicola major"
"White-tailed Tropicbird","Phaethon lepturus"
"White-winged Grosbeak","Mycerobas carnipes"
"Black-bellied Sandgrouse","Pterocles orientalis"
"Rufous-necked Hornbill","Aceros nipalensis"
"Chestnut Munia","Lonchura atricapilla"
"Water Pipit","Anthus spinoletta"
"Lesser Cuckoo","Cuculus poliocephalus"
"Eurasian Siskin","Spinus spinus"
"Collared Scops-Owl","Otus lettia"
"Bristled Grassbird","Chaetornis striata"
"Nilgiri Thrush","Zoothera neilgherriensis"
"Andaman Teal","Anas albogularis"
"Black-browed Tit","Aegithalos iouschistos"
"Rufous-vented Yuhina","Yuhina occipitalis"
"White-gorgeted Flycatcher","Anthipes monileger"
"White-tailed Flycatcher","Cyornis concretus"
"Cachar Bulbul","Iole cacharensis"
"Kashmir Nuthatch","Sitta cashmirensis"
"Hume's Wheatear","Oenanthe albonigra"
"Saunders's Tern","Sternula saundersi"
"Stripe-breasted Woodpecker","Dendrocopos atratus"
"Blood Pheasant","Ithaginis cruentus"
"Collared Grosbeak","Mycerobas affinis"
"White-bellied Sholakili","Sholicola albiventris"
"Mew Gull","Larus canus"
"Dark-necked Tailorbird","Orthotomus atrogularis"
"Collared Pratincole","Glareola pratincola"
"Red-throated Thrush","Turdus ruficollis"
"Freckle-breasted Woodpecker","Dendrocopos analis"
"Mountain Bamboo-Partridge","Bambusicola fytchii"
"Trumpeter Finch","Bucanetes githagineus"
"Sykes's Nightjar","Caprimulgus mahrattensis"
"Great Snipe","Gallinago media"
"Common Chaffinch","Fringilla coelebs"
"Red-necked Phalarope","Phalaropus lobatus"
"Tawny Fish-Owl","Ketupa flavipes"
"Rusty-capped Fulvetta","Schoeniparus dubius"
"Gray-sided Laughingthrush","Ianthocincla caerulata"
"European Bee-eater","Merops apiaster"
"Andaman Woodpecker","Dryocopus hodgei"
"Collared Myna","Acridotheres albocinctus"
"Kashmir Nutcracker","Nucifraga multipunctata"
"Mountain Tailorbird","Phyllergates cucullatus"
"Slaty-backed Flycatcher","Ficedula erithacus"
"Red-fronted Rosefinch","Carpodacus puniceus"
"Chestnut-crowned Bush Warbler","Cettia major"
"White-breasted Parrotbill","Psittiparus ruficeps"
"Spot-breasted Laughingthrush","Garrulax merulinus"
"Tibetan Sandgrouse","Syrrhaptes tibetanus"
"Bank Swallow","Riparia riparia"
"Himalayan White-browed Rosefinch","Carpodacus thura"
"Rufous-faced Warbler","Abroscopus albogularis"
"Spotted Elachura","Elachura formosa"
"Sociable Lapwing","Vanellus gregarius"
"Collared Kingfisher","Todiramphus chloris"
"Rufous-backed Dwarf-Kingfisher","Ceyx rufidorsa"
"Siberian Thrush","Geokichla sibirica"
"Long-billed Plover","Charadrius placidus"
"Lesser Kestrel","Falco naumanni"
"Crested Finchbill","Spizixos canifrons"
"Andaman Green-Pigeon","Treron chloropterus"
"Sooty Gull","Ichthyaetus hemprichii"
"Pied Imperial-Pigeon","Ducula bicolor"
"Grandala","Grandala coelicolor"
"Striated Yuhina","Yuhina castaniceps"
"Blue-fronted Robin","Cinclidium frontale"
"Sikkim Treecreeper","Certhia discolor"
"Tibetan Blackbird","Turdus maximus"
"Great Bittern","Botaurus stellaris"
"White-browed Tit-Warbler","Leptopoecile sophiae"
"Chestnut-winged Cuckoo","Clamator coromandus"
"Greater Whitethroat","Sylvia communis"
"Chestnut-breasted Partridge","Arborophila mandellii"
"Black-headed Shrike-Babbler","Pteruthius rufiventer"
"Tundra Swan","Cygnus columbianus"
"Rock Sparrow","Petronia petronia"
"Blyth's Kingfisher","Alcedo hercules"
"Sapphire Flycatcher","Ficedula sapphira"
"White-throated Bushchat","Saxicola insignis"
"White-faced Storm-Petrel","Pelagodroma marina"
"Lanceolated Warbler","Locustella lanceolata"
"Andaman Coucal","Centropus andamanensis"
"Hodgson's Redstart","Phoenicurus hodgsoni"
"Tibetan Lark","Melanocorypha maxima"
"Greater White-fronted Goose","Anser albifrons"
"Long-tailed Thrush","Zoothera dixoni"
"Boreal Owl","Aegolius funereus"
"Yellow-bellied Flowerpecker","Dicaeum melanozanthum"
"Indian Grassbird","Graminicola bengalensis"
"Andaman Wood-Pigeon","Columba palumboides"
"Fork-tailed Drongo-Cuckoo","Surniculus dicruroides"
"Purple Cochoa","Cochoa purpurea"
"Manchurian Bush Warbler","Horornis canturians"
"Long-billed Dowitcher","Limnodromus scolopaceus"
"Pine Bunting","Emberiza leucocephalos"
"Swinhoe's Storm-Petrel","Oceanodroma monorhis"
"Mute Swan","Cygnus olor"
"Brown-winged Kingfisher","Pelargopsis amauroptera"
"Clicking Shrike-Babbler","Pteruthius intermedius"
"White-throated Redstart","Phoenicurus schisticeps"
"Long-eared Owl","Asio otus"
"Black-breasted Parrotbill","Paradoxornis flavirostris"
"Red-tailed Tropicbird","Phaethon rubricauda"
"Violet Cuckoo","Chrysococcyx xanthorhynchus"
"Garden Warbler","Sylvia borin"
"Black Noddy","Anous minutus"
"Spotted Flycatcher","Muscicapa striata"
"Ashambu Laughingthrush","Montecincla meridionalis"
"European Turtle-Dove","Streptopelia turtur"
"Oriental Reed Warbler","Acrocephalus orientalis"
"White-cheeked Tit","Aegithalos leucogenys"
"Chestnut-backed Laughingthrush","Ianthocincla nuchalis"
"Brown Booby","Sula leucogaster"
"Blyth's Tragopan","Tragopan blythii"
"Coral-billed Scimitar-Babbler","Pomatorhinus ferruginosus"
"Slaty-legged Crake","Rallina eurizonoides"
"Russet Bush Warbler","Locustella mandelli"
"Tibetan Partridge","Perdix hodgsoniae"
"Large-billed Reed Warbler","Acrocephalus orinus"
"Blanford's Rosefinch","Agraphospiza rubescens"
"Gray-headed Parrotbill","Psittiparus gularis"
"Tibetan Serin","Spinus thibetanus"
"Black-bellied Storm-Petrel","Fregetta tropica"
"Ashy Wood-Pigeon","Columba pulchricollis"
"Amur Falcon","Falco amurensis"
"Snow Partridge","Lerwa lerwa"
"Broad-tailed Grassbird","Schoenicola platyurus"
"Barau's Petrel","Pterodroma baraui"
"Rufous-backed Redstart","Phoenicurus erythronotus"
"Hume's Treecreeper","Certhia manipurensis"
"Slender-billed Babbler","Turdoides longirostris"
"Red-flanked Bluetail","Tarsiger cyanurus"
"Caspian Plover","Charadrius asiaticus"
"Pale-capped Pigeon","Columba punicea"
"Mandarin Duck","Aix galericulata"
"Andaman Scops-Owl","Otus balli"
"Moustached Warbler","Acrocephalus melanopogon"
"Great Reed Warbler","Acrocephalus arundinaceus"
"Chestnut Bunting","Emberiza rutila"
"Spotted Crake","Porzana porzana"
"Arctic Loon","Gavia arctica"
"Striated Swallow","Cecropis striolata"
"Brown Hornbill","Anorrhinus austeni"
"Rufous-throated Fulvetta","Schoeniparus rufogularis"
"Ashy-headed Green-Pigeon","Treron phayrei"
"Dark-sided Thrush","Zoothera marginata"
"Red-faced Liocichla","Liocichla phoenicea"
"Fulvous Parrotbill","Suthora fulvifrons"
"Yellow-eyed Pigeon","Columba eversmanni"
"Eurasian Golden Oriole","Oriolus oriolus"
"Pacific Swift","Apus pacificus"
"Brown Bush Warbler","Locustella luteoventris"
"Red-footed Falcon","Falco vespertinus"
"Manipur Bush-Quail","Perdicula manipurensis"
"Sclater's Monal","Lophophorus sclateri"
"Gray-crowned Prinia","Prinia cinereocapilla"
"Rufous-tailed Rock-Thrush","Monticola saxatilis"
"Tawny-breasted Wren-Babbler","Spelaeornis longicaudatus"
"Red Phalarope","Phalaropus fulicarius"
"West Himalayan Bush Warbler","Locustella kashmirensis"
"Snowy-throated Babbler","Stachyris oglei"
"Little Crake","Zapornia parva"
"Nicobar Imperial-Pigeon","Ducula nicobarica"
"Plain Leaf Warbler","Phylloscopus neglectus"
"Hypocolius","Hypocolius ampelinus"
"Song Thrush","Turdus philomelos"
"Lesser Frigatebird","Fregata ariel"
"Claudia's Leaf Warbler","Phylloscopus claudiae"
"Masked Booby","Sula dactylatra"
"Black-browed Reed Warbler","Acrocephalus bistrigiceps"
"Dusky Thrush","Turdus eunomus"
"Eastern Spot-billed Duck","Anas zonorhyncha"
"Australasian Grass-Owl","Tyto longimembris"
"Golden-crested Myna","Ampeliceps coronatus"
"Pallid Scops-Owl","Otus brucei"
"Pale-footed Bush Warbler","Urosphena pallidipes"
"Chinese Francolin","Francolinus pintadeanus"
"Oriental Plover","Charadrius veredus"
"Merlin","Falco columbarius"
"Beach Thick-knee","Esacus magnirostris"
"Japanese Quail","Coturnix japonica"
"Satyr Tragopan","Tragopan satyra"
"Red Kite","Milvus milvus"
"Eyebrowed Wren-Babbler","Napothera epilepidota"
"Sedge Warbler","Acrocephalus schoenobaenus"
"Long-billed Bush Warbler","Locustella major"
"Lesser Shortwing","Brachypteryx leucophris"
"Gray-headed Bullfinch","Pyrrhula erythaca"
"Wood Snipe","Gallinago nemoricola"
"Nicobar Parakeet","Psittacula caniceps"
"Gray-bellied Wren-Babbler","Spelaeornis reptatus"
"Green Cochoa","Cochoa viridis"
"Himalayan Beautiful Rosefinch","Carpodacus pulcherrimus"
"Streak-throated Barwing","Actinodura waldeni"
"Two-barred Warbler","Phylloscopus plumbeitarsus"
"South Polar Skua","Stercorarius maccormicki"
"Sind Woodpecker","Dendrocopos assimilis"
"Chinese Leaf Warbler","Phylloscopus yunnanensis"
"Smew","Mergellus albellus"
"Andaman Crake","Rallina canningi"
"Arctic Warbler","Phylloscopus borealis"
"Red-throated Pipit","Anthus cervinus"
"Narcondam Hornbill","Rhyticeros narcondami"
"Oriental Bay-Owl","Phodilus badius"
"Hawfinch","Coccothraustes coccothraustes"
"Eurasian Skylark","Alauda arvensis"
"Azure Tit","Cyanistes cyanus"
"Legge's Hawk-Eagle","Nisaetus kelaarti"
"Jerdon's Bushchat","Saxicola jerdoni"
"Sillem's Rosefinch","Carpodacus sillemi"
"Sharp-tailed Sandpiper","Calidris acuminata"
"Ludlow's Fulvetta","Fulvetta ludlowi"
"Yellowhammer","Emberiza citrinella"
"Nicobar Serpent-Eagle","Spilornis klossi"
"Andaman Cuckooshrike","Coracina dobsoni"
"Rufous-vented Grass Babbler","Laticilla burnesii"
"Lesser Noddy","Anous tenuirostris"
"Eastern Marsh-Harrier","Circus spilonotus"
"Immaculate Cupwing","Pnoepyga immaculata"
"Buff-breasted Sandpiper","Calidris subruficollis"
"Silver-backed Needletail","Hirundapus cochinchinensis"
"Vinaceous Rosefinch","Carpodacus vinaceus"
"Ward's Trogon","Harpactes wardi"
"Great Parrotbill","Conostoma aemodium"
"Caspian Gull","Larus cachinnans"
"Gould's Shortwing","Brachypteryx stellata"
"Banasura Laughingthrush","Montecincla jerdoni"
"Black-tailed Crake","Zapornia bicolor"
"Tundra Bean-Goose","Anser serrirostris"
"American Pipit","Anthus rubescens"
"Hill Blue Flycatcher","Cyornis banyumas"
"White-cheeked Tern","Sterna repressa"
"Bridled Tern","Onychoprion anaethetus"
"Cetti's Warbler","Cettia cetti"
"Greater Scaup","Aythya marila"
"Roseate Tern","Sterna dougallii"
"Red-tailed Shrike","Lanius phoenicuroides"
"Andaman Cuckoo-Dove","Macropygia rufipennis"
"Parasitic Jaeger","Stercorarius parasiticus"
"Yellow-rumped Honeyguide","Indicator xanthonotus"
"Pomarine Jaeger","Stercorarius pomarinus"
"Red-billed Tropicbird","Phaethon aethereus"
"Forest Owlet","Athene blewitti"
"Red-billed Scimitar-Babbler","Pomatorhinus ochraceiceps"
"Chestnut-vented Nuthatch","Sitta nagaensis"
"Goliath Heron","Ardea goliath"
"Flesh-footed Shearwater","Ardenna carneipes"
"Black-legged Kittiwake","Rissa tridactyla"
"Hodgson's Frogmouth","Batrachostomus hodgsoni"
"Rusty-throated Wren-Babbler","Spelaeornis badeigularis"
"White-breasted Woodswallow","Artamus leucorynchus"
"Chestnut-cheeked Starling","Agropsar philippensis"
"Temminck's Tragopan","Tragopan temminckii"
"Great Frigatebird","Fregata minor"
"Hume's Boobook","Ninox obscura"
"Striped Laughingthrush","Trochalopteron virgatum"
"Streak-throated Fulvetta","Fulvetta manipurensis"
"Eastern Yellow Wagtail","Motacilla tschutschensis"
"Brown-cheeked Rail","Rallus indicus"
"Bhutan Laughingthrush","Trochalopteron imbricatum"
"Common Goldeneye","Bucephala clangula"
"Crested Tit-Warbler","Leptopoecile elegans"
"Bar-winged Wren-Babbler","Spelaeornis troglodytoides"
"Bugun Liocichla","Liocichla bugunorum"
"Blackish-breasted Babbler","Stachyris humei"
"Andaman Masked-Owl","Tyto deroepstorffi"
"Taiga Bean-Goose","Anser fabalis"
"Andaman Nightjar","Caprimulgus andamanicus"
"Spot-breasted Scimitar-Babbler","Megapomatorhinus mcclellandi"
"White-backed Thrush","Turdus kessleri"
"Chinese Pond-Heron","Ardeola bacchus"
"Eurasian Nightjar","Caprimulgus europaeus"
"Lesser White-fronted Goose","Anser erythropus"
"Daurian Starling","Agropsar sturninus"
"Jouanin's Petrel","Bulweria fallax"
"Siberian Blue Robin","Larvivora cyane"
"Chevron-breasted Babbler","Stachyris roberti"
"Black-headed Bulbul","Brachypodius atriceps"
"Nicobar Bulbul","Hypsipetes nicobariensis"
"Rufous-tailed Scrub-Robin","Cercotrichas galactotes"
"Tropical Shearwater","Puffinus bailloni"
"Mangrove Pitta","Pitta megarhyncha"
"Baikal Teal","Sibirionetta formosa"
"Red Knot","Calidris canutus"
"Nicobar Sparrowhawk","Accipiter butleri"
"Nicobar Jungle-Flycatcher","Cyornis nicobaricus"
"Hill Prinia","Prinia superciliaris"
"Gray-faced Buzzard","Butastur indicus"
"Wilson's Storm-Petrel","Oceanites oceanicus"
"Gray-headed Parakeet","Psittacula finschii"
"Wedge-tailed Shearwater","Ardenna pacifica"
"Gray-crowned Warbler","Phylloscopus tephrocephalus"
"Fieldfare","Turdus pilaris"
"Tristram's Bunting","Emberiza tristrami"
"Persian Shearwater","Puffinus persicus"
"Buffy Fish-Owl","Ketupa ketupu"
"Long-tailed Jaeger","Stercorarius longicaudus"
"Red-footed Booby","Sula sula"
"Blyth's Paradise-Flycatcher","Terpsiphone affinis"
"Rufous-necked Snowfinch","Montifringilla ruficollis"
"Long-tailed Wren-Babbler","Spelaeornis chocolatinus"
"Burmese Shrike","Lanius collurioides"
"Pale Rockfinch","Carpospiza brachydactyla"
"Slender-billed Oriole","Oriolus tenuirostris"
"Firethroat","Calliope pectardens"
"Brown-rumped Minivet","Pericrocotus cantonensis"
"Franklin's Gull","Leucophaeus pipixcan"
"Elliot's Laughingthrush","Trochalopteron elliotii"
"Cory's Shearwater","Calonectris diomedea"
"Blue-winged Pitta","Pitta moluccensis"
"Himalayan Thrush","Zoothera salimalii"
"Pectoral Sandpiper","Calidris melanotos"
"Northern Wheatear","Oenanthe oenanthe"
"Chinese Thrush","Otocichla mupinensis"
"Eurasian Eagle-Owl","Bubo bubo"
"Brown-capped Laughingthrush","Trochalopteron austeni"
"Spot-breasted Parrotbill","Paradoxornis guttaticollis"
"Yellow-throated Laughingthrush","Ianthocincla galbana"
"White-browed Laughingthrush","Ianthocincla sannio"
"European Golden-Plover","Pluvialis apricaria"
"White Tern","Gygis alba"
"Blue-throated Bee-eater","Merops viridis"
"Pink-rumped Rosefinch","Carpodacus waltoni"
"Baikal Bush Warbler","Locustella davidi"
"Nicobar Scops-Owl","Otus alius"
"Short-tailed Shearwater","Ardenna tenuirostris"
"Asian Stubtail","Urosphena squameiceps"
"Woodchat Shrike","Lanius senator"
"Mugimaki Flycatcher","Ficedula mugimaki"
"Sabine's Gull","Xema sabini"
"Moustached Laughingthrush","Ianthocincla cineracea"
"Great Spotted Woodpecker","Dendrocopos major"
"Black-headed Greenfinch","Chloris ambigua"
"Red-breasted Goose","Branta ruficollis"
"Christmas Island Frigatebird","Fregata andrewsi"
"Black Tern","Chlidonias niger"
"Godlewski's Bunting","Emberiza godlewskii"
"Chinese Bush Warbler","Locustella tacsanowskia"
"Yunnan Nuthatch","Sitta yunnanensis"
"Blue-and-white Flycatcher","Cyanoptila cyanomelana"
"White-rumped Snowfinch","Montifringilla taczanowskii"
"Chinese Sparrowhawk","Accipiter soloensis"
"Herring Gull","Larus argentatus"
"Van Hasselt's Sunbird","Leptocoma brasiliana"
"Red-throated Loon","Gavia stellata"
"Chestnut-flanked White-eye","Zosterops erythropleurus"
"Large Blue Flycatcher","Cyornis magnirostris"
"White-headed Duck","Oxyura leucocephala"
"Eurasian Scops-Owl","Otus scops"
"Pied Triller","Lalage nigra"
"Red-breasted Merganser","Mergus serrator"
"Wood Warbler","Phylloscopus sibilatrix"
"White-eyed Gull","Ichthyaetus leucophthalmus"
"Chinese White-browed Rosefinch","Carpodacus dubius"
"White-eared Night-Heron","Gorsachius magnificus"
"Vivid Niltava","Niltava vivida"
"Crimson-winged Finch","Rhodopechys sanguineus"
"Japanese Sparrowhawk","Accipiter gularis"
"Rock Eagle-Owl","Bubo bengalensis"
"Lesser Short-toed Lark","Alaudala rufescens"
"White-browed Crake","Amaurornis cinerea"
"Gray-tailed Tattler","Tringa brevipes"
"Hume's Pheasant","Syrmaticus humiae"
"Masked Shrike","Lanius nubicus"
"White-cheeked Starling","Spodiopsar cineraceus"
"Chinese Egret","Egretta eulophotes"
"Rook","Corvus frugilegus"
"Horsfield's Bronze-Cuckoo","Chrysococcyx basalis"
"Javan Pond-Heron","Ardeola speciosa"
"Pied Crow","Corvus albus"
"Namaqua Dove","Oena capensis"
"American Golden-Plover","Pluvialis dominica"
"Yellow-browed Bunting","Emberiza chrysophrys"
"Amur Paradise-Flycatcher","Terpsiphone incei"
"Zappey's Flycatcher","Cyanoptila cumatilis"
"Chin Hills Wren-Babbler","Spelaeornis oatesi"
"Spoon-billed Sandpiper","Calidris pygmaea"
"Finsch's Wheatear","Oenanthe finschii"
"Pale Rosefinch","Carpodacus stoliczkae"
"Desert Finch","Rhodospiza obsoleta"
"Naumann's Thrush","Turdus naumanni"
"Rustic Bunting","Emberiza rustica"
"Comb Duck","Sarkidiornis sylvicola"
"Red-billed Starling","Spodiopsar sericeus"
"Winter Wren","Troglodytes hiemalis"
"Green Avadavat","Sporaeginthus formosus"
"Great Indian Bustard","Ardeotis nigriceps"
"Lesser Florican","Sypheotides indicus"
"Derbyan Parakeet","Psittacula derbiana"
"Yellow-breasted Bunting","Emberiza aureola"
"Saker Falcon","Falco cherrug"
"Finn's Weaver","Ploceus megarhynchus"
