LOCALITY,Standardized.Site.Name,LATITUDE,LONGITUDE
Kakinada Fishing Jetty (Kumbhabishekam),Kakinada,16.9578294,82.2678935
Coringa Wildlife Santuary,Coringa Wildlife Santuary,16.8369936,82.2856236
"Andhra Pradesh, IN (17.002, 82.283)",Kakinada,17.0020311,82.2830672
Coromandel International Ltd,Kakinada,16.9875683,82.2722232
Wetland opposite Coromandel fertilizers,Kakinada,16.9956434,82.2679424
"Unnamed Road, Kakinada, Andhra Pradesh, IN (16.986, 82.284)",Kakinada,16.9859083,82.284235
"Lanka Path, Kothapalem, Andhra Pradesh, IN (16.595, 82.266)",Coringa Wildlife Santuary,16.5951361,82.2655871
"Jan 6, 2021 6:17 AM On The Way To Sacramento 16.597, 82.272",Coringa Wildlife Santuary,16.5969957,82.2720739
"Hope Island, Kakinada",Hope Island,16.972331,82.345178
"Uppada Beach Road, Kakinada, Andhra Pradesh, IN (16.998, 82.28)",Kakinada,16.9979006,82.2798387
"Coringa bird census, Old light house route (16.839, 82.304)",Coringa Wildlife Santuary,16.8392412,82.3037681
"IN-AP-Kakinada - 16.8197x82.3309 - 26-Jan-2016, 6:47 AM",Coringa Wildlife Santuary,16.81973,82.330915
"Unnamed Road, Kakinada, Andhra Pradesh, IN (16.99, 82.253)",Kakinada,16.9900479,82.2533131
Gadimoga,Coringa Wildlife Santuary,16.7597222,82.2716667
Coringa Wildlife Sanctuary,Coringa Wildlife Santuary,16.8379122,82.2778659
Port Area,Kakinada,16.938869,82.259628
"Kakinada, Andhra Pradesh, IN (16.985, 82.276)",Kakinada,16.9847879,82.2759029
"Light House Road, Andhra Pradesh, IN (16.593, 82.266)",Kakinada,16.5926983,82.2656556
Yetimoga,Kakinada,16.948393,82.246253
"Koringa Wild Life Sanctuary Road, Chollangi, Andhra Pradesh, IN (16.88, 82.249)",Coringa Wildlife Santuary,16.880192,82.2493356
"Coringa Mangrove forests, Andhra Pradesh",Coringa Wildlife Santuary,16.860356,82.3469925
Opposite of Coromondal International,Kakinada,16.9956434,82.2679424
Coringa Wildlife Sanctuary--Walkway-Boat House,Coringa Wildlife Santuary,16.880154,82.2454183
"water body nearparry sugers limited ,kakinada beach road",Kakinada,16.9989632,82.277532
"Vakalapudi Road, Kakinada, Andhra Pradesh, IN (16.992, 82.262)",Kakinada,16.9922099,82.2618807
"Lanka Path, Kothapalem, Andhra Pradesh, IN (16.595, 82.266)",Kakinada,16.5951361,82.2655871
coramandel,Kakinada,16.998954,82.2799342
"Dairy Farm Road, Kakinada, Andhra Pradesh, IN (16.957, 82.266)",Kakinada,16.9570788,82.2658002
Coramandal International,Kakinada,16.9776101,82.2507204
"20 Dec 2020 19:1517.04, 82.302",Kakinada,17.0400324,82.301864
"Unnamed Road, Gachakayala Pora, Andhra Pradesh, IN (16.517, 82.142)",Katrenikona Lake,16.5166941,82.1416796
"Koringa Wild Life Sanctuary Road, Chollangi, Andhra Pradesh, IN (16.881, 82.245)",Coringa Wildlife Santuary,16.8805361,82.2451169
Creek near Coromandel,Kakinada,16.9963278,82.2796633
Kumbhabhishekam Temple,Kakinada,16.9619567,82.2657105
"IN (17, 82.287) Kakinada Beach",Kakinada,17.0003875,82.2865072
"NH 216, Kakinada IN-AP 16.94336, 82.23328",Kakinada,16.943361,82.233283
"Koringa Wild Life Sanctuary Road, Chollangi, Andhra Pradesh, IN (16.881, 82.249)",Coringa Wildlife Santuary,16.8805093,82.2487861
"Pamarru, East Godavari IN-AP 16.70264, 82.02897",Godavari River--Sundarapalli,16.702639,82.028967
"Kakinada Rajanagaram Road, Kakinada, Andhra Pradesh, IN (16.992, 82.278)",Kakinada,16.9922683,82.2782046
"Uppada Beach Road, Kakinada, Andhra Pradesh, IN (16.995, 82.278)",Kakinada,16.9953247,82.2782983
Korangi river,Coringa Wildlife Santuary,16.8403064,82.2570246
Chinnayapalem tank,Chinnayapalem Tank,17.2527423,82.3919359
"Dairy Farm Road, Kakinada, Andhra Pradesh, IN (16.957, 82.267)",Kakinada,16.9571951,82.2674146
"Point 3 Hope Island Andhra Pradesh, IN (16.95, 82.356)",Hope Island,16.9496542,82.3562991
Puducherry (Kakinada),Coringa Wildlife Santuary,16.7689601,82.2737789
Coromandel International Ltd,Kakinada,16.9875625,82.2721875
"Kakinada Rural, Kakinada IN-AP 16.99845, 82.27958",Kakinada,16.998447,82.279582
"Haritha Beach Resort, Back waters, Kakinada",Kakinada,17.0092685,82.2861707
Godavari Delta Area,Coringa Wildlife Santuary,16.6205932,82.2868029
"Unnamed Road, IN (16.963, 82.278)",Kakinada,16.9634547,82.2782565
"Uppada Beach Road, Kakinada, Andhra Pradesh, IN (17.019, 82.289)",Kakinada,17.018975,82.2890323
Reliance Gadimoga,Coringa Wildlife Santuary,16.7575913,82.2803767
"Thallarevu, East Godavari IN-AP 16.84077, 82.23146",Coringa Wildlife Santuary,16.84077,82.231462
"JFCL Road, Kakinada IN-AP 16.99218, 82.26184",Kakinada,16.992179,82.261836
Hope Island,Hope Island,16.9644207,82.3578542
"Wharf Road, Kakinada, Andhra Pradesh, IN (16.943, 82.233) Jagannadha Puram Bridge.",Kakinada,16.9434861,82.2331029
"Chollangi Saltpans, Kakinada, Andhra Pradesh, IN (16.91, 82.237)",Kakinada,16.9098677,82.2366109
Chinnavalasala,Coringa Wildlife Santuary,16.7664001,82.2363034
Sacramento Island,Coringa Wildlife Santuary,16.584824,82.3099584
Port Area,Kakinada,16.9550288,82.2684252
Coromandel International Ltd,Kakinada,16.9875625,82.2721875
"Coromandel Opposite Vakalapudi Road, Kakinada, Andhra Pradesh, IN (16.994, 82.268)",Kakinada,16.9937504,82.2681463
Kakinada Fishing Jetty (Kumbhabishekam),Kakinada,16.9578294,82.2678935
Chollangi salt panes,Coringa Wildlife Santuary,16.8758665,82.2262228
"Silk Road Sugar Factory Backside, Kakinada",Kakinada,16.9942172,82.2688544
Coromandel International Ltd,Kakinada,16.9875683,82.2722232
Mudflats behind the Kumbabishekam Temple,Kakinada,16.9586277,82.2766568
Wetland opposite Coromandel fertilizers,Kakinada,16.9956434,82.2679424
"Wharf Road, Kakinada, Andhra Pradesh, IN (16.943, 82.233) Jagannadha Puram Bridge.",Kakinada,16.9434861,82.2331029
"National Highway 216, Kakinada, Andhra Pradesh, IN (16.909, 82.239)",Kakinada,16.9087777,82.2385607
"Lanka Path, Kothapalem, Andhra Pradesh, IN (16.595, 82.266)",Coringa Wildlife Santuary,16.5951361,82.2655871
"Point 1 Kumbhvishakhanm, Kakinada, Andhra Pradesh, IN (16.958, 82.272)",Kakinada,16.958388,82.2716832
"IN (16.598, 82.27)",Coringa Wildlife Santuary,16.5977425,82.2697804
Creek near Coromandel,Kakinada,16.9963278,82.2796633
"Unnamed Road, Chirra Yanam, Andhra Pradesh, IN (16.502, 82.144)",Katrenikona Lake,16.5015839,82.1439824
Chollangi Theertham,Kakinada,16.90993,82.240895
"Katrenikona Lake, East Godavari County, Andhra Pradesh, IN",Katrenikona Lake,16.5356571,82.1558403
Sirayanam Lagoon,Katrenikona Lake,16.5029807,82.1534926
Coringa Wildlife Santuary,Coringa Wildlife Santuary,16.8369936,82.2856236
"Andhra Pradesh, IN (17.002, 82.283)",Kakinada,17.002101,82.2828918
"Hope Island, Kakinada",Hope Island,16.972331,82.345178
Magasanitippa,Coringa Wildlife Santuary,16.6421357,82.3122315
Kakinada ..coromondal fertilisers opposite Creek,Kakinada,17.0048662,82.281678
Antarvedi,Godavari River--Antervedi,16.3227,81.7303
Kumbabhishekam,Kakinada,16.969131,82.239552
"Point 4 Hope Island (16.959, 82.359)",Hope Island,16.9590159,82.3592602
"water body nearparry sugers limited ,kakinada beach road",Kakinada,16.9989632,82.277532
"Light House Road, Andhra Pradesh, IN (16.593, 82.266)",Coringa Wildlife Santuary,16.5926983,82.2656556
"Chollangi, Andhra Pradesh, IN (16.906, 82.236)",Kakinada,16.9064286,82.2361092
"IN (17, 82.287) Kakinada Beach",Kakinada,17.0003875,82.2865072
Krishna,Krishna River Estuary,16.0367348,80.873106
"Krishna Mangrove (15.875, 80.788)",Krishna River Estuary,15.8753702,80.7883935
KRISHNA RIVER,Krishna River Estuary,15.945933,80.901003
Uppu Revu Mudflats & Sandspit (Krishna Sanctuary),Krishna River Estuary,15.7664566,80.8094987
"Sorlagandhi, Andhra Pradesh, IN (15.785, 80.854)",Krishna River Estuary,15.7850767,80.8536724
Hamsaladeevi Beach Road,Krishna River Estuary,15.9550361,81.1167236
"Unnamed Road, Nidamarru, Andhra Pradesh, IN (16.357, 81.399)",Upputeru River--Gollapelam Beach,16.3570468,81.3987998
Krishna Wildlife Sanctuary (Hamsaladeevi road),Krishna River Estuary,15.9748642,81.1007973
Kolleru Bird Sanctuary,Kolleru Lake,16.5672099,81.2312686
"Chinna Gollapalem, Andhra Pradesh, IN (16.354, 81.51)",Upputeru River--Gollapelam Beach,16.3541299,81.510203
"Kruthivennu, Krishna IN-AP (16.3549,81.5100)",Upputeru River--Gollapelam Beach,16.35485,81.510033
"Repalle, Guntur IN-AP (15.7478,80.8071)",Krishna River Estuary,15.747778,80.807071
VATHLAKUDI THIPA,Kolleru Lake,16.60559,81.3116
"Karimanal, Inside pulicat Lake",Pulicat Lake--AP,13.4946189,80.2670359
Pulicat bird sanctuary,Pulicat Lake--AP,13.7246273,80.1244068
pulicat tamilnadu,Pulicat Lake--AP,13.7261879,80.1228444
Pulicat Lake,Pulicat Lake--AP,13.5906476,80.1937959
Pulicat Bird Sanctuary--SHAR,Pulicat Lake--AP,13.7200413,80.1109314
Pullicat lake sriharikota road,Pulicat Lake--AP,13.7243563,80.1191926
Pulicat Lake (AP section),Pulicat Lake--AP,13.6780244,80.1112748
Pulicat lake,Pulicat Lake--AP,13.6684225,80.1675797
Pulicat Bird Sanctuary,Pulicat Lake--AP,13.7246,80.1245
Vedanadu Boat House and Mangrooves,Pulicat Lake--AP,13.6200768,80.1404974
Pulicat lake,Pulicat Lake--AP,13.7248935,80.1198447
PULICAT BIRD SANCTUARY,Pulicat Lake--AP,13.69786,80.05145
"Mar 5, 2020 17:3313.698, 80.051",Pulicat Lake--AP,13.6978322,80.0514567
Penna Estuary,Penna River Estuary,14.5835116,80.1835146
"Sriharikota Road, K.C.Narasimhunigunta, Andhra Pradesh, IN (13.698, 80.053)",Pulicat Lake--AP,13.6982308,80.0526839
Irukkam Island,Pulicat Lake--AP,13.5684465,80.1414227
"Irukkam Island, Pulicat Lake",Pulicat Lake--AP,13.5683213,80.1426458
"Sriharikota Road, Andhra Pradesh, IN (13.713, 80.091)",Pulicat Lake--AP,13.7132936,80.0912222
"SHAR Road, Pulicat",Pulicat Lake--AP,13.6979442,80.0302935
Kuppam Boat House,Pulicat Lake--AP,13.6137475,80.1373297
"Pernadu Road, Kadapatra, Andhra Pradesh, IN (13.802, 80.138)",Pulicat Lake--AP,13.8017177,80.1382986
Gangapatnam,Penna River Estuary,14.521727,80.182257
Vatembedu Boat House,Pulicat Lake--AP,13.6440476,80.0573543
"Padmavati Vidyalaya school, Sullurpeta",Pulicat Lake--AP,13.67478,80.009876
VENADU,Pulicat Lake--AP,13.6907529,80.1353853
Pulicat Bird Sanctuary,Pulicat Lake--AP,13.7245174,80.1118554
PULICAT BIRD SANCTUARY-ANDHRA PRADESH,Pulicat Lake--AP,13.7109132,80.0843785
KUDIRI TANK,Pulicat Lake--AP,13.7057213,80.0689017
"05-Jan-2020 09:2517.583, 83.115",Devada Salt Fields/Appikonda Beach,17.5825893,83.1148855
"NTPC ashponds back side Visakhapatnam, Andhra Pradesh, IN (17.584, 83.115)",Devada Salt Fields/Appikonda Beach,17.5836587,83.1148339
Thagarapuvalasa Pond,Gosthani River Estuary,17.9262229,83.4323374
"Gosthani River Mouth North side, Bheemili",Gosthani River Estuary,17.9079465,83.4627809
Devada Salt fields,Devada Salt Fields/Appikonda Beach,17.5719377,83.1133586
Meghadrigedda downstream channel (Behind Airport),Meghadrigedda Channel--Vizag Airport,17.7182941,83.2144152
"Unnamed Road, Visakhapatnam, Andhra Pradesh, IN (17.581, 83.115)",Devada Salt Fields/Appikonda Beach,17.5811645,83.1151122
"Unnamed Road, NTPC Ash Pond Visakhapatnam, Andhra Pradesh, IN (17.587, 83.12)",Devada Salt Fields/Appikonda Beach,17.5873168,83.1195597
"Gosthani River Mouth, Bheemili",Gosthani River Estuary,17.8954002,83.4522289
Puddimadaka Mangroove Area,Pudimadaka Beach,17.4916796,83.0031896
"NTPC ash ponds, Visakhapatnam, Andhra Pradesh, IN (17.588, 83.119)",Devada Salt Fields/Appikonda Beach,17.5881212,83.1185018
"Ntpc Ash ponds, Visakhapatnam,  Andhra Pradesh, IN (17.530088,, 83.79887)",Devada Salt Fields/Appikonda Beach,17.6855012,83.212364
"Unnamed Road, Kalipatnam, Andhra Pradesh, IN (16.382, 81.548)",Upputeru River--Gollapelam Beach,16.3818098,81.5481405
"Mogalthur, West Godavari IN-AP (16.3819,81.5480)",Upputeru River--Gollapelam Beach,16.38192,81.54799
"Andhra Pradesh, IN (16.336, 81.645)",Godavari River--Antervedi,16.3361097,81.6452183
Kolleru,Kolleru Lake,16.6368932,81.2140118
"Bhimalapuram, West godavari district",Godavari River--Valluru,16.55626,81.845897
Kolleru,Kolleru Lake,16.6387684,81.2137476
Kolleru Bird Sanctuary,Kolleru Lake,16.6459286,81.260376
Bichitrapur Mangroves Beach,Subarnarekha River Estuary,21.5810353,87.4200411
Chandipur Beach,Budhabalanga River--Chandipur Beach,21.4515209,87.0410353
Chandipur Beach,Budhabalanga River--Chandipur Beach,21.4520457,87.0408251
Bichitrapur mangroves,Subarnarekha River Estuary,21.5894168,87.4189317
"Chandipur Beach (21.452, 87.058)",Budhabalanga River--Chandipur Beach,21.4518607,87.0579386
Gahirmatha Marine Wildlife Sanctuary,Rushikulya River Estuary,19.3957766,85.0914237
"Malud Road Chilika lake (19.455, 85.141)",Chilika Lake--Sea Mouth,19.4553619,85.1414559
Ganjam--Potagarh fort,Rushikulya River Estuary,19.376649,85.0573218
"Mayurpada, NH 5",Rushikulya River Estuary,19.41717,85.07169
Rushikulya River mouth,Rushikulya River Estuary,19.3761286,85.0724792
Rushikulya Beach,Rushikulya River Estuary,19.4016294,85.0859356
"Rushikulya River bridge, NH 16, Ganjam IN-OR (19.3831,85.0399)",Rushikulya River Estuary,19.38313,85.039902
"Bhubaneswar - Khurdha - Brahmapur Road, Ganjam, Odisha, IN (19.382, 85.037)",Rushikulya River Estuary,19.3816787,85.0374374
"Rushikulya River, Pallibandha",Rushikulya River Estuary,19.3725923,85.0661166
Puthaghar fort - Ganjam,Rushikulya River Estuary,19.375887,85.057206
Ganjam,Rushikulya River Estuary,19.3811137,85.0293732
Potagarh Fort,Rushikulya River Estuary,19.376205,85.057193
"Nehru Bangala Road, Paradeep, Odisha, IN (20.291, 86.716)",Mahanadi River Estuary,20.2912,86.716335
Chilika Lake--Mangalajodi,Chilika Lake--Mangalajodi,19.896767,85.438225
Mangalajodi Wetlands,Chilika Lake--Mangalajodi,19.9193739,85.4244673
"Mangalajodi, Odisha, IN (19.891, 85.437)",Chilika Lake--Mangalajodi,19.8906117,85.4373959
Mangalajodi - Chilika Lake,Chilika Lake--Mangalajodi,19.8949369,85.438697
"(19.716, 85.195)",Chilika Lake,19.7160781,85.1952104
"Khordha, Chilka Lake (Banpur) IN-Odisha (19.9077,85.4361)",Chilika Lake--Mangalajodi,19.907687,85.436124
IN-Odisha-Sitarampur - 19.906x85.449 - 18-Dec-2016 15:03,Chilika Lake--Mangalajodi,19.9060009,85.4488084
Bhitarkanika-Dangamal,Bhitarkanika National Park,20.7408686,86.8683366
Bhitarkanika--Dangamal Jetty,Bhitarkanika National Park,20.7335588,86.869511
Bhitarkanika-Khola Gate,Bhitarkanika National Park,20.7178795,86.8198345
Bhitarkanika,Bhitarkanika National Park,20.6719,86.8215
"Bhitarkanika Sanctuary, Odisha",Bhitarkanika National Park,20.7230136,86.8637194
vitarkanika,Bhitarkanika National Park,20.7677511,86.8418598
Bhitarkanika,Bhitarkanika National Park,20.7422884,86.8676037
"Bhitarkanika National Park, Odisha, IN",Bhitarkanika National Park,20.7141722,86.8201017
bhitarkanika NP,Bhitarkanika National Park,20.7180207,86.819922
Bhitarkanika-- Khola,Bhitarkanika National Park,20.717696,86.8198935
"Bhitarkanika - 20.718x86.823 - Jan 23, 2017 12:45 PM",Bhitarkanika National Park,20.7180253,86.8233873
"Bhitarkanika National Park, Kendrapara IN-OR 20.73374, 86.82265",Bhitarkanika National Park,20.733742,86.822654
Bhitarkanika National Park,Bhitarkanika National Park,20.7152731,86.8668087
IN-Odisha-RajendraNarayanpur-Unnamed Rd - 20.74x86.868,Bhitarkanika National Park,20.7401812,86.8684847
"RajendraNarayanpur, Odisha, IN (20.716, 86.828)",Bhitarkanika National Park,20.7162083,86.8283083
IN-Odisha-Bhitarkanika - 20.712x86.864 - 6 May 2016 7:01 am,Bhitarkanika National Park,20.7116865,86.8638751
"(20.666, 86.855)",Bhitarkanika National Park,20.6660424,86.8553746
"(20.734, 86.868)",Bhitarkanika National Park,20.7337228,86.8675758
Bhitarkanika National Park,Bhitarkanika National Park,20.7346396,86.8681321
"Bhitarkanika National Park, Kendrapara IN-OR 20.74524, 86.82544",Bhitarkanika National Park,20.745243,86.825438
Nasi,Bhitarkanika National Park,20.7365292,87.0690966
bhitarkanika,Bhitarkanika National Park,20.7162194,86.8159282
Gahrimatha WLS,Bhitarkanika National Park,20.6786967,86.9999361
Bhitarkanika NP--Satabhaya,Bhitarkanika National Park,20.5881463,86.8587685
Bhitarakanika NP -- Satavaya,Bhitarkanika National Park,20.645,86.9441667
IN-Odisha-- dangamala- 20.741x86.868,Bhitarkanika National Park,20.7410007,86.868129
"Sadanandapur, Odisha, IN (20.631, 86.896)",Bhitarkanika National Park,20.6305172,86.8955957
Chilika Lake--Satapada,Chilika Lake--Sea Mouth,19.670188,85.4255676
Satapada,Chilika Lake--Sea Mouth,19.6678064,85.4386139
Chilika Lake,Chilika Lake,19.7563642,85.3761292
Chilika Lake--New Sea Mouth,Chilika Lake--Sea Mouth,19.6808561,85.5560303
Rambartia Island,Chilika Lake--Sea Mouth,19.6684934,85.492537
Lunapani,Chilika Lake--Sea Mouth,19.7066575,85.5930126
Chilika Lake - Nalabana Bird Sanctuary,Chilika Lake,19.700154,85.3071785
"Pir Jahanian, Astaranga, Odisha",Devi River Estuary,19.9316984,86.2814069
"Sateisbatia To Mangaljodi Wetland , Odisha, IN (19.909, 85.742)",Chilika Lake--Mangalajodi,19.9091685,85.7416057
Rajhans island,Chilika Lake--Sea Mouth,19.6291392,85.4199578
Chilika Lake,Chilika Lake--Sea Mouth,19.7009405,85.4210186
Satapada--Osthoperi,Chilika Lake--Sea Mouth,19.6594623,85.4287483
IN-Odisha-Puri - 19.823x85.856 - 14 Feb 2016 07:49,Nua Nai River Estuary,19.823385,85.8557877
konark-puri road,Kusabhadra River Estuary,19.8816429,86.099875
"Janhikuda, Odisha",Chilika Lake--Sea Mouth,19.6458798,85.4062866
"Devi River Estuary Bandar, Odisha",Devi River Estuary,19.9715741,86.3752842
"Aloopatana, Odisha",Chilika Lake--Sea Mouth,19.6596056,85.455931
Devi Rivermouth,Devi River Estuary,20.00263,86.32865
"Jombothiya, Odisha, IN",Chilika Lake--Sea Mouth,19.663715,85.4991269
Chilika Lake--Rajhans Island,Chilika Lake--Sea Mouth,19.6579456,85.4945755
"Nalaban, Chilika lake, Odisha, India",Chilika Lake,19.7081012,85.256464
Chilika Lake - Parikud,Chilika Lake,19.6636143,85.2513599
Chilika Lake - Barunkuda,Chilika Lake--Sea Mouth,19.7009405,85.4210186
"Nature Camp, Konark",Kusabhadra River Estuary,19.8544806,86.038635
Chilika Lake - near Barunkuda (near Magarmukh Channel),Chilika Lake--Sea Mouth,19.6867772,85.4065132
Pallikaranai Marsh (___________ _______ _____),Pallikaranai Marsh,12.9509721,80.220664
Theosophical Society,Adayaru River Estuary,13.0087601,80.2704477
Adayaru Estuary,Adayaru River Estuary,13.0121679,80.2760267
Pallikaranai Marsh- East/West Path,Pallikaranai Marsh,12.9499418,80.2310085
Pallikaranai Marsh-- Southern end (___________ _______ _____ - ______ ______),Pallikaranai Marsh,12.946515,80.2236248
India Santhorne High Road bridge,Adayaru River Estuary,13.0232153,80.2728359
Pallikaranai Marsh--NIOT end,Pallikaranai Marsh,12.9488115,80.2110394
Indian Institute of Technology (IIT) Madras,Guindy National Park,12.9934334,80.2380896
Broken bridge,Adayaru River Estuary,13.0111017,80.2798665
"Adyar Estuary, Adyar, Chennai",Adayaru River Estuary,13.0107924,80.275587
Adayaru--Thiru-Vi-Ka (New) Bridge,Adayaru River Estuary,13.01315,80.2585
Adayaru Creek--South Canal Bank Rd. Junction,Adayaru River Estuary,13.0233475,80.272615
Pallikaranai Marshland (South),Pallikaranai Marsh,12.948917,80.2260568
Guindy NP,Guindy National Park,12.9995399,80.2288628
The Theosophical society,Adayaru River Estuary,13.0079447,80.2663279
Annamalaicheri,Pulicat Lake--Annamalaicheri,13.1061535,80.2859436
"3rd Cross Road, Chennai, Tamil Nadu, IN (12.995, 80.235)",Guindy National Park,12.9946089,80.2350872
"5th Avenue, Chennai IN-Tamil Nadu (13.0165,80.2771)",Adayaru River Estuary,13.016464,80.277079
Kamakotinagar 3rd Mn Rd,Pallikaranai Marsh,12.9433335,80.2133703
Kotturpuram-Canal Bank Road,Adayaru River Estuary,13.0144049,80.2479494
Adyar river bank,Adayaru River Estuary,13.0114334,80.2575488
EZHIL NAGAR CAPTAIN COTTON CANAL,Kasimedu Beach,13.1256186,80.271467
Indiranagar 1st cross street,Adayaru River Estuary,12.9987298,80.2550653
"Velachery - Tambaram Main Road, Chennai, Tamil Nadu, IN (12.96, 80.214)",Pallikaranai Marsh,12.9598106,80.2137241
"kasimedu,fishing harbour,chennai",Kasimedu Beach,13.1331946,80.3017008
Kasimedu Fishing Harbour,Kasimedu Beach,13.1298445,80.2967119
Adayaru--Thiru-Vi-Ka (New) Bridge,Adayaru River Estuary,13.0115581,80.2572165
Pallikaranai Marsh (Kamakshinagar End),Pallikaranai Marsh,12.9458489,80.2172076
IN-Tamil Nadu-Chennai-New Thiru-Vi-Ka Bridge - 13.015x80.259,Adayaru River Estuary,13.0147633,80.2594617
IN-Tamil Nadu-Chennai-11 1st Crescent Park Road - 13.012x80.255,Adayaru River Estuary,13.0115283,80.2548383
Kamakoti Nagar Surroundings,Pallikaranai Marsh,12.9437727,80.2129204
Adayar River-- Buckingham Canal Junction,Adayaru River Estuary,13.0166645,80.2506108
"IN-Tamil Nadu-Chennai-11 1st Crescent Park Road - 13.012x80.255 - Feb 17, 2017 1:02 PM",Adayaru River Estuary,13.011645,80.254795
IN-Tamil Nadu-Chennai-Thiru-Vi-Ka Bridge - 13.011x80.258,Adayaru River Estuary,13.0112983,80.25847
"Adyar Bridge ,chennai",Adayaru River Estuary,13.0393002,80.2131658
Adyar bridge,Adayaru River Estuary,13.0103699,80.2596116
"15 Arunachalam Road, Chennai",Adayaru River Estuary,13.0203515,80.2403802
"Pallikaranai Marsh, Radial Road, Chennai, Tamil Nadu, IN (12.95, 80.23)",Pallikaranai Marsh,12.9497055,80.2300305
India Elphinstone Bridge,Adayaru River Estuary,13.013295,80.2591446
IN-Tamil Nadu-Chennai-8/1/10A Adyar Bridge - 13.013x80.259,Adayaru River Estuary,13.0134899,80.2591526
Pallikaranai marsh wetland,Pallikaranai Marsh,12.9455084,80.2118683
Pallikaranai,Pallikaranai Marsh,12.9491072,80.2199032
"Pallikatanai Bird Park, Chennai, Tamil Nadu, IN (12.959, 80.216)",Pallikaranai Marsh,12.9590562,80.2158462
"Adyar Avenue, Chennai, Tamil Nadu, IN (13.003, 80.241)",Adayaru River Estuary,13.0029054,80.2406484
"Adyar Bridge, Chennai IN-Tamil Nadu (13.0130,80.2591)",Adayaru River Estuary,13.012979,80.259055
Theosophical society,Adayaru River Estuary,13.0125567,80.2699666
"1st Cresent Park Street, Chennai IN-Tamil Nadu (13.0122,80.2539)",Adayaru River Estuary,13.01224,80.253904
"Adyar river, Back sideof YMCA ground and AU,Kotturpuram.",Adayaru River Estuary,13.0249743,80.2399029
"11.819x79.724 - Jan 15, 2016 2:21 PM",Bahour Lake,11.8190733,79.724335
Pichavaram Mangrove Forest,Vellar River Estuary/Pichavaram,11.4363032,79.788444
PICHAVARAM MANGROVE FOREST,Vellar River Estuary/Pichavaram,11.4594605,79.794973
Muzhukkuthurai (Killai),Vellar River Estuary/Pichavaram,11.46396,79.7825388
"Vellar River estuary, near Porto Novo",Vellar River Estuary/Pichavaram,11.4870387,79.7621416
"IN-Tamil Nadu-Cuddalore (11.7050,79.7805)",Gadilam River Estuary,11.704971,79.780526
Mudasal odai,Vellar River Estuary/Pichavaram,11.480034,79.779097
KELAMBAKAM - KOVALAM ROAD,Kelambakkam/Muttukadu Backwaters,12.7833857,80.2379823
Sholinganallur/Perumbakkam Marshlands,Sholinganallur/Perumbakkam Marshlands,12.9005429,80.2183914
Kelambakkam Backwaters,Kelambakkam/Muttukadu Backwaters,12.7841076,80.2360672
Mudhaliyarkuppam Backwaters / Odiyur Lake,Mudhaliyarkuppam Backwaters/Odiyur Lake,12.3366479,80.0336838
uthukadu lake,Uthukadu Lake,12.8318033,79.7785091
Kalpakkam,Kalpakkam Backwaters,12.5243596,80.1602197
PALLIKARANAI MARSH,Pallikaranai Marsh,12.9486871,80.219636
Sholinganallur-Perumbakkam Marsh,Sholinganallur/Perumbakkam Marshlands,12.90107,80.22277
Nemmeli Salt Pans,Kelambakkam/Muttukadu Backwaters,12.717358,80.2151754
Pallikaranai Marsh--(Sholinganallur End) ___________ ____________--(______________ ______)),Pallikaranai Marsh,12.9106243,80.2169967
"Backwater,7th street no.3, Kalpakkam, Tamil Nadu, IN (12.505, 80.155)",Kalpakkam Backwaters,12.5045182,80.1553472
kallipatt lake,Uthukadu Lake,12.8234345,79.7763205
Muttukadu backwaters,Kelambakkam/Muttukadu Backwaters,12.8045198,80.2512646
"thaneri lake,thenneri",Thenneri Lake,12.8782761,79.8482466
Sirudhavur Lake (__________ ___),Sirudavoor Lake,12.6847012,80.1455426
"Chennai, Tamil Nadu, IN (12.914, 80.226)",Pallikaranai Marsh,12.9141289,80.2255965
PALLIKARANAI MARSH,Pallikaranai Marsh,12.9420788,80.2303648
Muttukadu Backwaters,Kelambakkam/Muttukadu Backwaters,12.8035383,80.2425833
AMBEDHKAR NAGAR PHASE-1,Pallikaranai Marsh,12.93988,80.22152
"The salt Lake, Kelambakkam-Kovalam road",Kelambakkam/Muttukadu Backwaters,12.7839159,80.231107
Pallikaranai Marsh--Southwest Watchtower (___________ ____________ - __________ ________ _______),Pallikaranai Marsh,12.9390294,80.2189922
Pallikaranai Marsh--Karapakkam,Pallikaranai Marsh,12.919562,80.216883
PALLIKARANAI MARSH LANDS EASTERN SIDE,Pallikaranai Marsh,12.9353581,80.2286696
"Kelambakam Kovalam Road, Kancheepuram IN-Tamil Nadu (12.7821,80.2294)",Kelambakkam/Muttukadu Backwaters,12.78213,80.229374
Thenneri Lake,Thenneri Lake,12.8594019,79.8501348
PALLIKARANAI MARSH,Pallikaranai Marsh,12.9231731,80.2226937
Amoor Lake,Aamoor Lake,12.6602701,80.1378822
"Vaiyavoor Road, Kamakshi Nagar, Tamil Nadu, IN (12.836, 79.738)",Vaiyavoor/Nathapettai Lake,12.8357896,79.7381161
PALLIKARANAI MARSH,Pallikaranai Marsh,12.93895,80.22056
"Nathapettai Lake,Kanchipuram, Tamil Nadu, IN (12.833, 79.736)",Vaiyavoor/Nathapettai Lake,12.8330034,79.7360196
Chembarambakkam Lake,Chembarambakkam Lake,13.0225374,80.0728226
Sholinganallur/Perumbakkam Marsh (Western end),Sholinganallur/Perumbakkam Marshlands,12.9037222,80.2090788
Pon Vilaintha Kalathure Lake,Pon Vilaintha Kalathur Lake,12.6256969,79.9913692
"Theneri Lake,Tamil Nadu, IN (12.87, 79.854)",Thenneri Lake,12.8698147,79.8536194
IN-Tamil Nadu-Chennai-Pallavaram-Thuraipakkam Rd - 12.949x80.224,Pallikaranai Marsh,12.9493449,80.2235275
kallipattu,Uthukadu Lake,12.8253175,79.7738099
"NH 332A, Chengalpattu IN-TN 12.36611, 80.07032",Mudhaliyarkuppam Backwaters/Odiyur Lake,12.366111,80.070316
Powerstation,Pallikaranai Marsh,12.915045,80.2212989
Muttukadu Estuary,Kelambakkam/Muttukadu Backwaters,12.8024744,80.2474125
buckingham canal near Uthandi,Buckingham Canal--Uthandi,12.8782873,80.2402246
"603103, Chengalpattu IN-Tamil Nadu (12.8096,80.2448)",Kelambakkam/Muttukadu Backwaters,12.809631,80.244773
Tenneri,Thenneri Lake,12.8585026,79.8464089
"IN-Tamil Nadu-Chennai - 12.959x80.22 - Feb 17, 2017 7:01 AM",Pallikaranai Marsh,12.959485,80.2197783
"Nemmeli, ECR",Kelambakkam/Muttukadu Backwaters,12.7167,80.217133
Pallikaranai Marshland Conservatory,Pallikaranai Marsh,12.91603,80.2239
"Buckingham Canal, ECR to OMR Rd",Buckingham Canal--Sholinganallur,12.898565,80.237
Nochimedu Lake (__________ ___),Nayapakkam Wetlands,13.0547277,79.9908328
Kelambakkam Salt pans,Kelambakkam/Muttukadu Backwaters,12.77186,80.22626
Pallikaranai Marsh--Midlands ___________ ____________-- __________,Pallikaranai Marsh,12.9278317,80.2179515
"Muttukadu lake, Kelambakam-Kovalam Road, Tamil Nadu, IN (12.784, 80.237)",Kelambakkam/Muttukadu Backwaters,12.7836895,80.237398
Meiyur,Kalpakkam Backwaters,12.4973169,80.1417517
Thiruvidanthai,Thiruvudanthai Beach,12.7491776,80.2575938
"Nathapettai LakeTamil Nadu, IN (12.834, 79.738)",Vaiyavoor/Nathapettai Lake,12.8341224,79.737699
Grassland behind ECR Dhaba,Kelambakkam/Muttukadu Backwaters,12.7989435,80.2421451
kelambakam-kovalam rd,Kelambakkam/Muttukadu Backwaters,12.7838108,80.2406967
"Unnamed Road, Thiruvidanthai, Tamil Nadu, IN (12.779, 80.241)",Kelambakkam/Muttukadu Backwaters,12.7793609,80.2413954
"1/330 Indira Gandhi Street, Chennai, Tamil Nadu, IN (12.918, 80.225)",Pallikaranai Marsh,12.9181507,80.2253937
Siruthavur Lake,Sirudavoor Lake,12.6822771,80.1454353
city karai lake,Siruvakkam Lake,12.8923019,79.7098231
Thiruporur,Kelambakkam/Muttukadu Backwaters,12.7209,80.1866
Vivanta by Taj,Kelambakkam/Muttukadu Backwaters,12.797573,80.2482176
Pooncheri Wetland and Scrub Jungle,Mahabalipuram Backwaters,12.6105476,80.1668447
Kelambakkam Backwaters,Kelambakkam/Muttukadu Backwaters,12.786106,80.2255154
Odiyur Lake,Mudhaliyarkuppam Backwaters/Odiyur Lake,12.3376082,80.0421739
SSN Institutions,Kelambakkam/Muttukadu Backwaters,12.7518485,80.1986718
Vedanthangal Bird Sanctuary,Vedanthangal Bird Sanctuary,12.5457666,79.8555422
"Cheyyur, Kancheepuram IN-Tamil Nadu (12.3128,80.0399)",Mudhaliyarkuppam Backwaters/Odiyur Lake,12.312768,80.039926
"Easwaran Street, Chennai",Pallikaranai Marsh,12.9223238,80.2282832
Sholinganallur,Sholinganallur/Perumbakkam Marshlands,12.8998171,80.2235205
Enroute Odiyur Lake,Palar River Estuary,12.4518307,80.1203728
Alamparai Fort--Estuary,Buckingham Canal--Alamparai,12.2655996,80.0109875
"The Farm, Semmancheri",Buckingham Canal--Uthandi,12.8667508,80.2275002
e coast road,Mahabalipuram Backwaters,12.62014,80.18301
Kalpakkam--Bridge,Kalpakkam Backwaters,12.5107685,80.1606971
"Thiruvidanthai, Tamil Nadu, IN (12.779, 80.241)",Thiruvudanthai Beach,12.7794612,80.2413029
"Kelambakam-Kovalam Road, Kelambakkam, Tamil Nadu, IN (12.784, 80.233)",Kelambakkam/Muttukadu Backwaters,12.784222,80.2326068
"Chennai, Tamil Nadu, IN (12.901, 80.218)",Sholinganallur/Perumbakkam Marshlands,12.9008626,80.2184095
backyard,ECR Beach,12.893437,80.253067
"Sathya Sai Nagar, Tamil Nadu, IN (12.886, 80.177)",Siththalapaakkam Lake,12.8855571,80.176555
"Chennai-69, Thandalam, Tamil Nadu, IN (12.995, 80.105)",Chembarambakkam Lake,12.9952924,80.1050651
Muthukadu Backwaters,Kelambakkam/Muttukadu Backwaters,12.8024274,80.2396774
KELAMBAKKAM-KOVALAM RD.,Kelambakkam/Muttukadu Backwaters,12.7828526,80.2260694
"East Coast Road, Paramankeni, Tamil Nadu, IN (12.343, 80.049)",Mudhaliyarkuppam Backwaters/Odiyur Lake,12.3427531,80.0490803
Sholinganallur marsh lands,Sholinganallur/Perumbakkam Marshlands,12.9005429,80.2184129
Ottivakkam,Pon Vilaintha Kalathur Lake,12.6226781,79.9825914
Fishermans cove hotel,Kelambakkam/Muttukadu Backwaters,12.797663,80.248741
"Pallikaranai Marshland, Thangam Avenue",Pallikaranai Marsh,12.92805,80.21974
Odiyur Lake Bridge,Mudhaliyarkuppam Backwaters/Odiyur Lake,12.3303401,80.0173985
IN-Tamil Nadu-Thirumudivakkam-Service Road Ring Road - 12.953x80.089,Chembarambakkam Lake,12.9525078,80.0886806
IN-Tamil Nadu-Adayalacheri-East Coast Road - 12.43x80.109,Palar River Estuary,12.4302733,80.10871
"Kelambakam-Kovalam Road, Thiruvidandhai, Tamil Nadu, IN (12.784, 80.244)",Kelambakkam/Muttukadu Backwaters,12.7837443,80.2439276
Kovalam Point 1,Kelambakkam/Muttukadu Backwaters,12.8023505,80.2482648
Kelambakkam Backwaters,Kelambakkam/Muttukadu Backwaters,12.783581,80.2367329
Mamallapuram Backwaters,Mahabalipuram Backwaters,12.6162171,80.1844025
Akkarai Beach,ECR Beach,12.897337,80.254325
"Thiruvidanthai, Tamil Nadu, IN (12.785, 80.245)",Kelambakkam/Muttukadu Backwaters,12.784515,80.2448702
Karikili bird sanctuaries,Karikili Bird Sanctuary,12.5998575,79.8406023
Kalpakkam (Unspecified),Kalpakkam Backwaters,12.5,80.15
Kelambakkam-Kovalam Road,Kelambakkam/Muttukadu Backwaters,12.7856038,80.2442372
Sholinganallur Lake,Sholinganallur/Perumbakkam Marshlands,12.8892669,80.2260183
kelambakkam,Kelambakkam/Muttukadu Backwaters,12.7843817,80.2156448
"Thiruvalluvar Nagar Beach,Thiruvanmiyur",Thiruvanmiyur Beach,12.9737495,80.2668711
"Unnamed Road, Kovalam, IN (12.803, 80.248)",Kelambakkam/Muttukadu Backwaters,12.8025144,80.2481881
Kalpakkam Township,Kalpakkam Backwaters,12.5166301,80.1608044
EASTERN SIDE OF PALLIKARANAI MARSH LAND.,Pallikaranai Marsh,12.92349,80.22203
PALLIKARANAI,Pallikaranai Marsh,12.93895,80.22056
CAPML Center,Pallikaranai Marsh,12.91493,80.22125
"Pallikaranai South end 12.928x80.219 - Mar 16, 2016 6:22 AM",Pallikaranai Marsh,12.92823,80.21852
"Perumpakkam Chennai, Tamil Nadu, IN (12.897, 80.22)",Sholinganallur/Perumbakkam Marshlands,12.898033,80.1907969
"Buckingham Canal banks, behind Hiranandani",Buckingham Canal--Hiranandani,12.8378604,80.2341233
Pallikaranai wet land,Sholinganallur/Perumbakkam Marshlands,12.901,80.2279
PALLIKARANAI MARSH  WEST,Pallikaranai Marsh,12.92822,80.21886
Kalivelli NW1,Buckingham Canal--Alamparai,12.241553,79.952778
Shollinganallur/Perambakkam Marsh,Sholinganallur/Perumbakkam Marshlands,12.9011418,80.2210307
PALLIKARANAI MARSH LANDS WEST 1,Pallikaranai Marsh,12.93988,80.22152
"Perumbakkam Marsh Tamil Nadu, IN (12.901, 80.218)",Sholinganallur/Perumbakkam Marshlands,12.9010926,80.2183002
Shollinganallur/Perambakkam Marsh,Sholinganallur/Perumbakkam Marshlands,12.9011268,80.2188434
"Chennai, Tamil Nadu, IN (12.899, 80.209)",Sholinganallur/Perumbakkam Marshlands,12.8991563,80.2091888
"Nemmeli, Tamil Nadu, IN (12.703, 80.207)",Kelambakkam/Muttukadu Backwaters,12.7027764,80.2073035
PALLIKARANAI MARSH,Pallikaranai Marsh,12.9493144,80.223906
Pallikaranai Marsh Midwest Point,Pallikaranai Marsh,12.9392213,80.2206656
Nathapettai Lake,Vaiyavoor/Nathapettai Lake,12.8322218,79.7323537
KELAMBAKKAM-KOVALAM WETLAND.,Kelambakkam/Muttukadu Backwaters,12.7822193,80.2277128
IN-Tamil Nadu-Chennai-5/323 Creek Street - 12.926x80.228,Pallikaranai Marsh,12.9259554,80.2278021
Ambedkar Nagar Phase II,Pallikaranai Marsh,12.9327649,80.2196574
PALLIKARANAI MARSH LANDS,Pallikaranai Marsh,12.9486034,80.2209234
Nathapettai Lake,Vaiyavoor/Nathapettai Lake,12.8285395,79.7373104
Nathapettai Lake,Vaiyavoor/Nathapettai Lake,12.8305062,79.7299933
SHOLINGANALLUR LAKE,Sholinganallur/Perumbakkam Marshlands,12.88389,80.23183
IN-Tamil Nadu-Chennai-Pallavaram-Thuraipakkam Road - 12.95x80.223,Pallikaranai Marsh,12.9495433,80.2233067
Pallikaranai Marsh,Pallikaranai Marsh,12.949308,80.223245
PML,Pallikaranai Marsh,12.9476728,80.2117181
"Classic Farms Road, Chennai IN-Tamil Nadu (12.8964,80.2150)",Sholinganallur/Perumbakkam Marshlands,12.89644,80.215045
METTUKUPPAM PALLIKARANAI MARSH LANDS,Pallikaranai Marsh,12.9348011,80.2289271
Shollinganallur/Perambakkam Marsh,Sholinganallur/Perumbakkam Marshlands,12.8995917,80.2193738
PALLIKARANAI MARSH LANDS EASTERN SIDE KARAPAKKAM,Pallikaranai Marsh,12.9172864,80.2237988
KELAMBAKKAM-KOVELAM ROAD.,Kelambakkam/Muttukadu Backwaters,12.7822113,80.2303746
KACHA RD TO SHOLINGANALLUR/ PERUMBAKKAM MARSH,Sholinganallur/Perumbakkam Marshlands,12.9039,80.2101892
thorappakam radial road,Pallikaranai Marsh,12.9476833,80.2289486
WESTERN SIDE OF PALLIKARANAI MARSH LANDS 2,Pallikaranai Marsh,12.92829,80.21843
"Perumbakkam Marsh, Tamil Nadu, IN (12.9, 80.221)",Sholinganallur/Perumbakkam Marshlands,12.9004799,80.221375
PALLIKARANAI MARSH LANDS NORHERN SIDE,Pallikaranai Marsh,12.9335177,80.2280259
Shollinganallur/Perambakkam Marsh,Sholinganallur/Perumbakkam Marshlands,12.901,80.22392
"Perumbakkam Marsh Tamil Nadu, IN (12.901, 80.223)",Sholinganallur/Perumbakkam Marshlands,12.9007188,80.2228003
"IN-Tamil Nadu-Chennai - 12.96x80.222 - Feb 17, 2017 7:51 AM",Pallikaranai Marsh,12.9602817,80.2219883
"Nathapettai Lake, Kanchipuram",Vaiyavoor/Nathapettai Lake,12.8333584,79.7373302
Pallikaranai Marsh Mid Point,Pallikaranai Marsh,12.9399401,80.223963
"Pallikaranai Marsh, Chennai--Southwest Watchtower",Pallikaranai Marsh,12.9388439,80.2193677
"Chennai, Tamil Nadu, IN (12.898, 80.221)",Sholinganallur/Perumbakkam Marshlands,12.8978397,80.221203
"Pallambakkam--Saltpans (_____________, _______)",Buckingham Canal--Alamparai,12.240131,79.953835
"IN-Tamil Nadu-Chennai-5/323 Creek Street - 12.926x80.228 - Feb 11, 2017 3:08 PM",Pallikaranai Marsh,12.9259633,80.2276438
AMBEDHKAR NAGAR PHASE-2,Pallikaranai Marsh,12.92829,80.21843
Pallikaranai Marsh,Pallikaranai Marsh,12.9458333,80.2111111
"Nathapettai Lake,Tamil Nadu, IN (12.835, 79.737)",Vaiyavoor/Nathapettai Lake,12.8348311,79.7368363
Vaiyavoor Lake,Vaiyavoor/Nathapettai Lake,12.8365735,79.7373533
Muttukadu Backwaters,Kelambakkam/Muttukadu Backwaters,12.8019899,80.2397079
PALLIKARANAI NORTH,Pallikaranai Marsh,12.94976,80.23092
vaiyavoor lake,Vaiyavoor/Nathapettai Lake,12.8433673,79.7369456
Perumbakkam,Sholinganallur/Perumbakkam Marshlands,12.9006001,80.2194428
"Elcot Avenue, Chennai, Tamil Nadu, IN (12.898, 80.221)",Sholinganallur/Perumbakkam Marshlands,12.8975245,80.2211321
IN-Tamil Nadu-Chennai-1/16 Perumbakkam Main Rd - 12.902x80.218,Sholinganallur/Perumbakkam Marshlands,12.9016495,80.2178297
"Thangavelu Engg College, Chennai, Tamil Nadu, IN (12.924, 80.228)",Pallikaranai Marsh,12.9240983,80.2278067
Odiyur Lake,Mudhaliyarkuppam Backwaters/Odiyur Lake,12.352411,80.0577164
"Nathapettai Lake,Kanchipuram, Tamil Nadu, IN (12.833, 79.737)",Vaiyavoor/Nathapettai Lake,12.8331685,79.7368186
WESTERN SIDE OF PALLIKARANAI MARSH LANDS 1,Pallikaranai Marsh,12.939,80.22019
Sholinganallur marsh,Sholinganallur/Perumbakkam Marshlands,12.9005325,80.2184129
Rajakamangalam Lake,Rajakkamangalam Lake,8.128145,77.3719454
Swamithope,Mankudy Lake,8.1180973,77.4952787
"Kaliakkavilai, Tamil Nadu, IN (8.112, 77.488)",Mankudy Lake,8.111715,77.487805
Puthalam Salt Pans,Mankudy Lake,8.1027386,77.4773884
"Manakudi Road, Kaliakkavilai, Tamil Nadu, IN (8.1, 77.49)",Mankudy Lake,8.0999476,77.489815
"Samadhanapuram Road, Kovalam, Tamil Nadu, IN (8.085, 77.523)",Vaalkulam,8.084639,77.5228435
"Manakudi Road, Kaliakkavilai, Tamil Nadu, IN (8.108, 77.487)",Mankudy Lake,8.107976,77.4871256
"Manakkudy Road, Manakudy, Tamil Nadu, IN (8.1, 77.478)",Mankudy Lake,8.1004533,77.4784719
Rajakkamangalam Uppalam,Rajakkamangalam Lake,8.1298443,77.3690808
"Salt Pans, Swamithoppu",Mankudy Lake,8.1160899,77.4845821
"Keela Manakudy - Mela Manakudy Bridge, Manakudy, Tamil Nadu, IN (8.091, 77.485)",Mankudy Lake,8.0905101,77.4846407
"(10.287, 79.825)point calimere",Point Calimere Wildlife Sanctuary,10.2868604,79.8246736
Point Calimere Wildlife Sanctuary--Mudflats,Point Calimere Wildlife Sanctuary,10.312082,79.8741388
Point Calimere Wildlife Sanctuary,Point Calimere Wildlife Sanctuary,10.3086366,79.8530102
Point Calimere Wildlife Sanctuary--Saltpans,Point Calimere Wildlife Sanctuary--Saltpans,10.2970245,79.8126483
Thirupoondi South,Karappidagai Saltpans,10.6143092,79.8269535
"culvert /bridge, Nagapattinam, Tamil Nadu, IN (10.753, 79.831)",Kaduvaiyar River Estuary/Nagappattinam,10.7530417,79.8305421
"Kodiakarai, Tamil Nadu, IN",Point Calimere Wildlife Sanctuary--Saltpans,10.2953493,79.8148857
Kodiyakarai Fishing Boat Jetty,Point Calimere Wildlife Sanctuary,10.2746305,79.8193538
"Manangkondan River, Adhanur",Point Calimere Wildlife Sanctuary--Saltpans,10.3754295,79.8083222
"Point Calimere,Pumping station",Point Calimere Wildlife Sanctuary,10.3287888,79.8244607
"Point Calimere, Tamil Nadu",Point Calimere Wildlife Sanctuary,10.2896723,79.8262766
Vettaikaraniruppu Saltpans,Karappidagai Saltpans,10.5675565,79.8193216
"Unnamed Road, Kodiakkadu, Tamil Nadu, IN (10.294, 79.82)",Point Calimere Wildlife Sanctuary--Saltpans,10.2940931,79.8199423
"Kodiakkadu, Tamil Nadu, IN (10.291, 79.819)",Point Calimere Wildlife Sanctuary--Saltpans,10.2912575,79.8193692
"Kodiyakarai, Tamil Nadu, IN (10.296, 79.816)",Point Calimere Wildlife Sanctuary--Saltpans,10.295504,79.816371
IN-Tamil Nadu-Kodikkarai - 10.294x79.815 - 24-Dec-2015 2:23 pm,Point Calimere Wildlife Sanctuary--Saltpans,10.2943104,79.8154673
BNHS Ringing,Point Calimere Wildlife Sanctuary,10.28695,79.823994
Chemplast Sanmar Pump house 2,Point Calimere Wildlife Sanctuary--Saltpans,10.293886,79.815641
returning to TTP,Point Calimere Wildlife Sanctuary--Saltpans,10.4280532,79.688344
Karappidagai South,Karappidagai Saltpans,10.5524814,79.8139837
10.295x79.815 - 10-Oct-2016 5:07 pm,Point Calimere Wildlife Sanctuary--Saltpans,10.2947233,79.8153017
"Unnamed Road, Veepanchery, Tamil Nadu, IN (11.078, 79.852)",Thirukadaiyur,11.0780006,79.8517557
Pumphouse area,Point Calimere Wildlife Sanctuary--Saltpans,10.2880651,79.8142576
Tamil Nadu,Point Calimere Wildlife Sanctuary--Saltpans,10.2851608,79.8121458
Point Calimere,Point Calimere Wildlife Sanctuary,10.3022525,79.880476
PPN Power Plant,Thirukadaiyur,11.0746461,79.8342133
"Kodiyakarai, Tamil Nadu, IN (10.294, 79.816)",Point Calimere Wildlife Sanctuary--Saltpans,10.2944237,79.8156822
"Kodiakkadu, Tamil Nadu, IN (10.291, 79.819)",Point Calimere Wildlife Sanctuary--Saltpans,10.2914589,79.8188048
"Kollidam River, Aanaikaaran Chathiram",Kollidam River--Vaalampudugai,11.3363094,79.7163898
"kodiyakarai, Tamil Nadu, IN (10.295, 79.815)",Point Calimere Wildlife Sanctuary--Saltpans,10.2945067,79.8152878
"Light House Road, Tamil Nadu, IN (10.289, 79.87)",Point Calimere Wildlife Sanctuary,10.2889429,79.8699735
"Unnamed Road, Pillaiperumalnallur, Tamil Nadu, IN (11.073, 79.839)",Thirukadaiyur,11.0733943,79.8388771
Chemplast Sanmar Pump House 1,Point Calimere Wildlife Sanctuary,10.274926,79.817274
IN-Tamil Nadu-Kodiyakadu - 10.289x79.835 - 09-Oct-2016 3:53 pm,Point Calimere Wildlife Sanctuary,10.2890833,79.835065
"Thanjavur - Kodiakkarai Road, Kodiyakadu, Tamil Nadu, IN (10.308, 79.834)",Point Calimere Wildlife Sanctuary,10.3077349,79.8339266
Point Calimere Wildlife Sanctuary--Grassland,Point Calimere Wildlife Sanctuary,10.2871938,79.8514223
Sithar Kovil,Point Calimere Wildlife Sanctuary,10.274975,79.8209095
Point Calimere Wildlife Sanctuary--Dry Evergreen forest,Point Calimere Wildlife Sanctuary,10.2988056,79.840436
"Light House Road, Kodiyakarai, Tamil Nadu, IN (10.286, 79.83)",Point Calimere Wildlife Sanctuary,10.2864184,79.8297672
Point Calimere Coastal Wetlands - Kodikkarai Beach,Point Calimere Wildlife Sanctuary,10.2758195,79.8235703
10.287x79.829 - 08-Oct-2016 3:01 pm,Point Calimere Wildlife Sanctuary,10.286705,79.8290133
IN-Tamil Nadu-Light House Road - 10.291x79.869 - 09-Oct-2016 5:30 pm,Point Calimere Wildlife Sanctuary,10.2914517,79.8690217
"Tamil Nadu, IN (10.298, 79.805)",Point Calimere Wildlife Sanctuary--Saltpans,10.2977683,79.8048883
Kaveri Pump House,Point Calimere Wildlife Sanctuary,10.2742174,79.8082257
"East Coast Road, Porrya, Tamil Nadu, IN (11.024, 79.846)",Uppanar/Nalandar River Estruary,11.0244501,79.8456698
Near Sithar Temple,Point Calimere Wildlife Sanctuary,10.2762437,79.8167966
Kodiakarai point calimer,Point Calimere Wildlife Sanctuary,10.3105588,79.85564
Siruthalaikadu,Point Calimere Wildlife Sanctuary--Saltpans,10.3361978,79.7626202
Point calimere bird sanctuary,Point Calimere Wildlife Sanctuary,10.2887,79.86928
Point Calimere (Pump House),Point Calimere Wildlife Sanctuary--Saltpans,10.2955438,79.8172114
Salt pans Kodiakkarai,Point Calimere Wildlife Sanctuary--Saltpans,10.3278865,79.8154765
"Reservoir, Point calimere",Point Calimere Wildlife Sanctuary--Saltpans,10.2970115,79.8113689
kodiakarai,Point Calimere Wildlife Sanctuary,10.2864605,79.8295784
Salt Pans,Point Calimere Wildlife Sanctuary--Saltpans,10.297607,79.80921
Point Calimere Coastal Wetlands,Point Calimere Wildlife Sanctuary--Saltpans,10.2941455,79.8165321
"(10.296, 79.814)Point Calimer Chennai",Point Calimere Wildlife Sanctuary--Saltpans,10.296099,79.8144942
"Manamelkudi - Kodiyakarai Road, Kodiakkadu, Tamil Nadu, IN (10.29, 79.827)",Point Calimere Wildlife Sanctuary,10.2900433,79.826575
"Tamil Nadu, IN (10.295, 79.815) Point Calimer  Bird Sanctury",Point Calimere Wildlife Sanctuary--Saltpans,10.2947482,79.8151384
"Main Road, Kodiakkadu, Tamil Nadu, IN (10.29, 79.825)",Point Calimere Wildlife Sanctuary,10.2899566,79.8247156
"Main Road, Kodiakkadu, Tamil Nadu, IN (10.29, 79.824)",Point Calimere Wildlife Sanctuary,10.2904683,79.8243783
"(10.274, 79.808) Sanmar, Point Calimere,",Point Calimere Wildlife Sanctuary,10.2743425,79.807991
Kodiyamunai (_________),Kodiyakkarai,10.03786,79.2659567
Kodiyamunai to Vadakku Ammapattinam,Kodiyakkarai,10.0461766,79.2412144
Dhanushkodi Beach,Rameshwaram/Dhanushkodi Beach,9.1597813,79.4383299
"Danushkodi beach road, Palk Bay side",Rameshwaram/Dhanushkodi Beach,9.1753772,79.4217904
Kothandaramar Temple (___________ ______),Rameshwaram/Dhanushkodi Beach,9.232407,79.347509
"Valinokkam, Ramnad Dist",Valinokkam,9.184135,78.637037
Mukundaryar Chathiram,Rameshwaram/Dhanushkodi Beach,9.1973005,79.3852115
"Krusadai Island, Rameswaram, Tamilnadu",Krusadai Island,9.246947,79.211555
IN - 9.201x79.382 - 15 Oct 2016 12:54,Rameshwaram/Dhanushkodi Beach,9.2006903,79.3818611
Dhanushkodi-- Point 3,Rameshwaram/Dhanushkodi Beach,9.18568,79.404502
Arichalmunai Beach,Rameshwaram/Dhanushkodi Beach,9.1498052,79.4507707
Akkal Madam to Kundukaal,Krusadai Island,9.2585777,79.2212684
Dhanushkodi,Rameshwaram/Dhanushkodi Beach,9.1828853,79.4138575
"Valinokkam, Tamil Nadu, IN (9.165, 78.638)",Valinokkam,9.1654746,78.6376994
"Dhanushkodi, Tamil Nadu, IN (9.235, 79.334)",Rameshwaram/Dhanushkodi Beach,9.2347415,79.3337187
"Rameswaram-Dhanushkodi Road, Tamil Nadu, IN (9.232, 79.338)",Rameshwaram/Dhanushkodi Beach,9.2315871,79.3379018
Puddukkadu,Kottakarai River Estuary,9.6538283,78.9433207
valinokkam,Valinokkam,9.1839021,78.6381626
Gulf of Mannar Marine National Park,Rameshwaram/Dhanushkodi Beach,9.1102326,79.4558716
Dhanushkodi-- Point 2,Rameshwaram/Dhanushkodi Beach,9.214812,79.36057
Vivekananda Memorial House,Krusadai Island,9.2592982,79.221867
Karankadu Mangroves,Kottakarai River Estuary,9.644627,78.9557791
"Rameswaram-Dhanushkodi Road, Dhanushkodi, Tamil Nadu, IN (9.193, 79.392)",Rameshwaram/Dhanushkodi Beach,9.1933083,79.3918035
"Dhanushkodi  Dhanushkodi, Tamil Nadu, IN (9.202, 79.387)",Rameshwaram/Dhanushkodi Beach,9.2020337,79.3873609
"Munaikadu, Mandapam camp, Rameswaram",Ariyamaan Beach,9.262863,79.101917
"Valinokkam, Salt Pane  Tamil Nadu, IN (9.17, 78.638)",Valinokkam,9.1702403,78.6375652
"Dhanushkodi ,Tamil Nadu,India",Rameshwaram/Dhanushkodi Beach,9.1564173,79.4417095
Ervadi Beach,Ervadi Beach,9.2003017,78.7192733
"Thondi, Tamil Nadu, IN (9.732, 79.016)",Thondi,9.7323788,79.0157603
Narippaiyur Beach,Narippaiyur Beach,9.1143463,78.4184995
Kothandaraman Temple surrounding,Rameshwaram/Dhanushkodi Beach,9.2329537,79.3480458
Dhanuskodi,Rameshwaram/Dhanushkodi Beach,9.1678472,79.4280167
Manauli Island,Manauli Island,9.215282,79.1294432
"Rameswaram, Tamil Nadu, IN (9.281, 79.31)",Rameshwaram/Dhanushkodi Beach,9.2814264,79.3099415
"Tamil Nadu, IN (9.216, 79.122)",Manauli Island,9.2163615,79.1218325
Mukuntharayar chatram - Dhanushkodi point,Rameshwaram/Dhanushkodi Beach,9.20017,79.380126
vijayanarayanam,Koonthakulam Bird Sanctuary,8.4209109,77.7820873
Kuppakurchi Kulam,Thamirabarani River Wetlands--Rajavallipuram,8.801428,77.791712
KOONTHAKULAM BIRD SANCTUARY,Koonthakulam Bird Sanctuary,8.4958872,77.7545786
Paalaamadai Lake,Thamirabarani River Wetlands--Rajavallipuram,8.7981604,77.7898683
Koonthakulam Bird Sanctuary,Koonthakulam Bird Sanctuary,8.4949534,77.7558231
Kalkurichi lake,Thamirabarani River Wetlands--Rajavallipuram,8.7917677,77.7666197
Kandan Kulam,Koonthakulam Bird Sanctuary,8.489275,77.763408
Palamadai/Rajavallipuram,Thamirabarani River Wetlands--Rajavallipuram,8.7891495,77.7510166
koonthakulam,Koonthakulam Bird Sanctuary,8.495672,77.757013
THATTANKULAM KULAM,Koonthakulam Bird Sanctuary,8.4743673,77.6717305
Nainarkulam,Nainar/Patapattu Lake,8.730717,77.69083
"karaiyiruppu, tirunelveli",Nainar/Patapattu Lake,8.762599,77.6958275
kangaikondan,Gangalkondon Lake,8.841934,77.78496
Patapattu kulam,Nainar/Patapattu Lake,8.706983,77.66337
Kalakkurichi Kulam,Thamirabarani River Wetlands--Rajavallipuram,8.7903924,77.7754998
seevalaperi,Thamirabarani River Wetlands--Rajavallipuram,8.7673494,77.8078365
Mannankadu West - Vannaathi Odai,Vendakkotai,10.4151166,79.3805766
Hare Island,Thoothukudi/Hare Island,8.7833815,78.1940746
pattinamaruthur salt pans,Thoothukudi/Hare Island,8.7767383,78.1492925
"Thiruppani puthantharuvai, Tamil Nadu, IN (8.348, 77.947)",Periya Tharuvai,8.3477268,77.9474328
Thoothukudi,Thoothukudi/Hare Island,8.7641661,78.1348361
Pattinamaruthr,Thoothukudi/Hare Island,8.7718877,78.1377268
Pattinamaruthur,Thoothukudi/Hare Island,8.8067121,78.1378507
Pattanamaruthor,Tharuvaikulam Aqua Farms/Salt Pans,8.9272661,78.1870794
Perukulam Lake,Perukulam Lake,8.6439046,77.9789078
Pattanamaruthor,Thoothukudi/Hare Island,8.8067716,78.1379048
Korrampallam Tank (___________),Korampallam Lake,8.766504,78.090676
periakulam,Perukulam Lake,8.64271,77.99601
Hare Island,Thoothukudi/Hare Island,8.8066343,78.137913
Hare Island,Thoothukudi/Hare Island,8.7731177,78.1919289
"Thuthukudi / Tuticorin, Tamil Nadu",Korampallam Lake,8.78,78.1
Arumugamangalam Lake,Arumugamangalam Lake,8.649737,78.0417109
Pazhaiyakayal estuary,Thamirabarani River Estuary,8.667375,78.1121063
"Tamil Nadu, IN (8.717, 78.156)",Thoothukudi/Hare Island,8.7170229,78.1557925
Punnaikayal Mangroves,Thamirabarani River Estuary,8.643174,78.11895
kadamba kulam,Kadambakulam Lake,8.584834,77.99716
IN - Punnakayal Estuary,Thamirabarani River Estuary,8.6308886,78.1257822
"Manapad Beach Road, Manapad, Tamil Nadu, IN (8.379, 78.054)",Karumeni River Estuary,8.3785578,78.0536355
"Mullakadu,Tuticorin",Vaippar River--Mullakadu,9.0638555,78.198967
inigo nagar,Thoothukudi/Hare Island,8.7892688,78.1611944
"East Coast Road, Thoothukudi, Tamil Nadu, IN (8.773, 78.158)",Thoothukudi/Hare Island,8.7728741,78.1576925
Vembar Backwaters,Vembar Wetlands,9.0810513,78.3658004
"Punnaikayal Road, Punnaikayal, Tamil Nadu, IN (8.637, 78.12)",Thamirabarani River Estuary,8.6370667,78.11988
"Alanthalai beach, Tiruchendur",Alanthalai Beach,8.4699586,78.1038042
Manapad beach,Karumeni River Estuary,8.374318,78.064855
Manapad 3,Karumeni River Estuary,8.3786101,78.0547534
"Beach Road, Thoothukudi",Thoothukudi/Hare Island,8.7866366,78.1596458
port trust,Thoothukudi/Hare Island,8.7473013,78.1732979
Kulasekarapattinam Beach,Kulasekarapattinam Beach,8.3963269,78.0592272
Hare Island,Thoothukudi/Hare Island,8.787213,78.1971881
puttana murathoor,Tharuvaikulam Aqua Farms/Salt Pans,8.93547,78.18841
"Arumuganeri Salt Pans, Thoothukudi Dt",Arumuganeri Salt Pans,8.5836522,78.0862927
IN-Tamil Nadu-Srimulakkarai-Srivaikundam - 8.653x77.928,Thamirabarani Wetlands--Srimoolakkarai,8.6526897,77.9279579
Kadamba Kulam,Kadambakulam Lake,8.576267,77.97728
Srivikundam area tanks,Karumeni River Wetlands--Sathankulam,8.4723723,77.9205322
Tuticorin,Thoothukudi/Hare Island,8.7517182,78.1400299
pottai kulam,Korampallam Lake,8.72753,78.0778
"Thiruchendur, Tamil Nadu, IN (8.503, 78.123)",Thiruchendur,8.5027283,78.1229401
"Pazhaverkadu, Pulicat",Pulicat Lake--Pazhaverkadu,13.4241851,80.3125906
Pulicat Lake (TN section),Pulicat Lake--Pazhaverkadu,13.4188837,80.314157
Annamalaicheri Enroute - 3km radius,Pulicat Lake--Annamalaicheri,13.4417777,80.2443123
annamalaicheri,Pulicat Lake--Annamalaicheri,13.460632,80.2625339
Ennore,Kosasthalaiyar River Estuary,13.2225621,80.3036605
ANNAMALAICHERI - PULICAT BIRD SANCTUARY (TAMILNADU),Pulicat Lake--Annamalaicheri,13.4565754,80.2648687
Korattur Lake,Korattur Lake,13.1242677,80.1854325
Pulicat Lake--Annamalaicheri,Pulicat Lake--Annamalaicheri,13.4572362,80.2653408
Pulicat Lake--Annamalaicheri,Pulicat Lake--Annamalaicheri,13.4576408,80.2661581
"Korttalai River, Thiruvallur IN-Tamil Nadu (13.4677,80.3089)",Pulicat Lake--Pazhaverkadu,13.467699,80.308916
Pulicat Tamilnadu,Pulicat Lake--Pazhaverkadu,13.41926,80.3191
Kattoor Lake -Thiruvallur (________ ___ - ___________),Thathamanji Lake,13.361406,80.279679
Pulicat Lake,Pulicat Lake--Pazhaverkadu,13.420163,80.318267
"SH 104, Thiruvallur IN-TN 13.41035, 80.31147",Pulicat Lake--Pazhaverkadu,13.410347,80.311466
Pulicat Lagoon Noddy point,Pulicat Lake--Pazhaverkadu,13.4299873,80.3209162
Thirupalaivanam,Pulicat Lake--Annamalaicheri,13.4029484,80.2508369
"Unnamed Road, Tamil Nadu, IN (13.397, 80.315)",Pulicat Lake--Pazhaverkadu,13.397332,80.3154111
ARANI RIVER PULICAT,Pulicat Lake--Pazhaverkadu,13.4191551,80.2963364
Arani river mouth,Pulicat Lake--Pazhaverkadu,13.4267523,80.3006923
"Pulicat, Tamil Nadu, IN (13.42, 80.319)",Pulicat Lake--Pazhaverkadu,13.4195037,80.3187942
"Madha Chruch Street, Pulicat, Tamil Nadu, IN (13.424, 80.315)",Pulicat Lake--Pazhaverkadu,13.4242036,80.3148691
13.12x80.177 KARUKKU - 28-Oct-2016 5:22 pm,Korattur Lake,13.1198782,80.1765339
Pulicat Lake,Pulicat Lake--Pazhaverkadu,13.4197917,80.3184271
Korattur Lake,Korattur Lake,13.127604,80.1899006
Pazaverkadu,Pulicat Lake--Pazhaverkadu,13.4189586,80.3181653
Annamalaichery Watch Tower (____________ _______),Pulicat Lake--Annamalaicheri,13.4409547,80.2602124
Pulicat Lake Boating Area,Pulicat Lake--Pazhaverkadu,13.4221019,80.3169486
Pulicat Lake,Pulicat Lake--Pazhaverkadu,13.420292,80.319331
"Pulicat ,Tamil Nadu, IN (13.428, 80.319)",Pulicat Lake--Pazhaverkadu,13.4278591,80.3186541
"Karimanal, Tamil Nadu, IN (13.441, 80.298)",Pulicat Lake--Pazhaverkadu,13.4413503,80.2979701
Annamalaicheri backwaters,Pulicat Lake--Annamalaicheri,13.4569093,80.263195
Pulicat Lagoon,Pulicat Lake--Pazhaverkadu,13.4220301,80.3205889
Medhilpalayam Shore,Pulicat Lake--AP,13.5056324,80.1192033
"Bajanai Koil Street, Pulicat, Andhra Pradesh, IN (13.423, 80.317)",Pulicat Lake--Pazhaverkadu,13.4234702,80.3165027
IN-Tamil Nadu-Pulicat - 13.422x80.317 - 24 Mar 2016 11:16,Pulicat Lake--Pazhaverkadu,13.4220998,80.3173947
Abrahampram,Kosasthalaiyar River--Abrahampram,13.3378455,80.3197789
Medhilpalayam esturary,Pulicat Lake--AP,13.5071555,80.1136351
pulicat lake,Pulicat Lake--Pazhaverkadu,13.4215303,80.3201866
Pulicat lake,Pulicat Lake--Pazhaverkadu,13.4259957,80.316292
avurivakkam,Pulicat Lake--Pazhaverkadu,13.4280417,80.2723943
Pulicat Fish market,Pulicat Lake--Pazhaverkadu,13.4207153,80.3172479
Pulicat Lake,Pulicat Lake--Pazhaverkadu,13.4244773,80.2899957
"Pulicat Lake, Thiruvallur IN-Tamil Nadu (13.4401,80.2997)",Pulicat Lake--Pazhaverkadu,13.440104,80.299736
"13.42x80.323 - Feb 4, 2017 5:07 PM",Pulicat Lake--Pazhaverkadu,13.420435,80.3232817
Nayapakkam Lake,Nayapakkam Wetlands,13.0375891,79.9839449
Krishna Water Canal,Nayapakkam Wetlands,13.0747128,79.9800825
Pulicat Lake,Pulicat Lake--Pazhaverkadu,13.4196351,80.3193712
Annanur Railway Station Marsh Land,Annanur Railway Station Marsh Land,13.118714,80.1250827
IN-Tamil Nadu-Pulicat-Unnamed Road - 13.409x80.325,Pulicat Lake--Pazhaverkadu,13.409215,80.3254833
PULICAT LAKE,Pulicat Lake--Pazhaverkadu,13.4064855,80.3030634
Korattur Lake,Korattur Lake,13.1251158,80.156932
PULICAT BIRDS SANCTUARY,Pulicat Lake--Pazhaverkadu,13.4332014,80.3263235
Neithavayal Lotus Pond,Neithavayal Lotus Pond,13.305817,80.272996
PULICATSCRUB AREA,Pulicat Lake--Pazhaverkadu,13.4069969,80.2962452
PULICAT LAKE,Pulicat Lake--Pazhaverkadu,13.4054836,80.3015614
"Pulicat Lake, Kosasthaylaiyar River",Pulicat Lake--Pazhaverkadu,13.4135776,80.323205
PULICAT BEACH,Pulicat Lake--Pazhaverkadu,13.4253122,80.328539
"Pulicat, Tamil Nadu, IN (13.424, 80.324)",Pulicat Lake--Pazhaverkadu,13.423771,80.3239776
Pulicat,Pulicat Lake--Pazhaverkadu,13.1337383,80.2304576
Methur Grasslands,Methur Grasslands,13.3834991,80.2162886
"Karimanal, Tamil Nadu, IN (13.43, 80.317)",Pulicat Lake--Pazhaverkadu,13.4298966,80.3165157
"Sirulapakkam - 13.42x80.257 - Apr 8, 2017",Pulicat Lake--Annamalaicheri,13.4197858,80.2571792
Pazhaverkadu mudflat,Pulicat Lake--Pazhaverkadu,13.4296116,80.3099513
"State Highway 104, Pulicat, Tamil Nadu, IN (13.419, 80.314)",Pulicat Lake--Pazhaverkadu,13.4188837,80.314157
PULICAT BRIDGE,Pulicat Lake--Pazhaverkadu,13.4193012,80.3200257
Annamalaicheri,Pulicat Lake--Annamalaicheri,13.4476728,80.2646169
"PULICAT BRIDGE,PULICAT",Pulicat Lake--Pazhaverkadu,13.4208457,80.3242689
OTTERI BEACH,Kosasthalaiyar River Estuary,13.2203002,80.3274018
Kuzhinaval,Pulicat Lake--AP,13.4884187,80.174253
pulicat island,Pulicat Lake--Pazhaverkadu,13.4677085,80.3133845
ennore creek flyover bridge,Kosasthalaiyar River Estuary,13.2284509,80.3191644
Methur - Annamaicheri - Thirupalaivanam,Pulicat Lake--Annamalaicheri,13.4020539,80.2222987
"IN-Tamil Nadu-Indian Ocean (13.4256,80.3148)",Pulicat Lake--Pazhaverkadu,13.425598,80.314764
Medhilpalayam Boathouse,Pulicat Lake--AP,13.5043179,80.1259947
Red Hills (Puzhal) Lake,Puzhal Lake,13.158243,80.174111
Annamalaicheri,Pulicat Lake--Annamalaicheri,13.4564084,80.2722931
"13.418x80.317 - Mar 4, 2017 5:53 PM",Pulicat Lake--Pazhaverkadu,13.4184317,80.3170467
Pulicat Lake,Pulicat Lake--Annamalaicheri,13.4578909,80.266969
Kanavanthurai,Pulicat Lake--Pazhaverkadu,13.4252287,80.2886224
PULICAT,Pulicat Lake--Pazhaverkadu,13.4112132,80.312942
"Pulicat Lake, Tamil Nadu, IN (13.465, 80.289)",Pulicat Lake--Pazhaverkadu,13.4651633,80.2885013
Sadayankuppam Canal,Kosasthalaiyar River--Sadayankuppam Canal,13.1813517,80.2672243
KARUKKU,Korattur Lake,13.1169103,80.1744812
"PULICAT LAKE,PULICAT",Pulicat Lake--Pazhaverkadu,13.4106183,80.2968514
Kosasthalaiyar River bank,Pulicat Lake--Pazhaverkadu,13.3888681,80.3270638
Wetland Just Before Pulicat,Pulicat Lake--Pazhaverkadu,13.411265,80.3127354
Kosasthalaiyar Mudflats,Kosasthalaiyar River Estuary,13.2540649,80.3178906
pulicat lake,Pulicat Lake--Annamalaicheri,13.4415217,80.2667713
avurivakkam tower,Pulicat Lake--Annamalaicheri,13.4356176,80.2720128
Vaduvur Bird Sanctuary,Vaduvur Lake,10.700861,79.3205166
Udhayamarthandapuram Bird Sanctuary,Udhayamarthandapuram Lake,10.451217,79.554137
Muthupettai Lagoon,Muthupettai Lake,10.3417712,79.5583534
"Vadapathy Village, Near Mannargudi",Pamani River,10.6196325,79.4679201
near watch tower,Vaduvur Lake,10.7040052,79.3204391
TiruvarurTank,Thituvarur Tank,10.7711601,79.6342968
Nidamangalam Tank,Nidamangalam Tank,10.7700235,79.4222511
Vadapathy home,Pamani River,10.616315,79.4709483
Kaliveli Lake,Kaliveli Lake,12.1136724,79.8554993
Thazhankadu (_________),Buckingham Canal--Alamparai,12.2278,79.9842
Yedaiyanthittu Estuary (______ ______ ________),Buckingham Canal--Alamparai,12.2363456,79.9721432
IN-Tamil Nadu-Chettikuppam - 12.106x79.88 - 19-Jan-2017 11:58 PM,Kaliveli Lake,12.1063858,79.8804136
Kaliveli Lake,Kaliveli Lake,12.1047544,79.8871279
Marakkanam Saltpans and Estuary,Buckingham Canal--Alamparai,12.228964,79.9675941
Marakkanam,Buckingham Canal--Alamparai,12.2001905,79.9470377
Vandipalayam Bridge,Kaliveli Lake,12.154503,79.895506
Osudu Lake,Osudu/Ousteri Lake,11.9716541,79.7474384
Buckingham Canal--Kaipanikuppam,Buckingham Canal--Alamparai,12.2291478,79.9716251
IN-Tamil Nadu-Chettikuppam - 12.115x79.876 - 26-Jan-2017 7:36 PM,Kaliveli Lake,12.1148109,79.8764604
Marakkanam Beach,Buckingham Canal--Alamparai,12.2405217,79.9991
Vennangupattu Bridge to Azhagankuppam,Buckingham Canal--Alamparai,12.2362031,79.9832401
Koonimedu,Kaliveli Lake,12.0835855,79.8888016
Kazhuperumbakkam Lake (__________________ ___),Kaliveli Lake,12.0609481,79.8175025
Chettikuppam beach,Kaliveli Lake,12.0984622,79.9058121
Vennangupattu Bridge,Buckingham Canal--Alamparai,12.2305241,79.9758832
"Tindivanam, Viluppuram IN-TN (12.1971,79.9717)",Buckingham Canal--Alamparai,12.197111,79.971735
IN-Tamil Nadu-Urani - 12.16x79.904 - 24-Jan-2017 10:19 AM,Kaliveli Lake,12.1604226,79.9036479
kaliveli,Kaliveli Lake,12.1101589,79.8776865
Kalivelli East Creek,Kaliveli Lake,12.147948,79.902353
Kaliveli Lake,Kaliveli Lake,12.0968033,79.8787083
kaliveli,Kaliveli Lake,12.1017248,79.8715711
Erimedu,Kaliveli Lake,12.1034452,79.8944342
Kaliveli Lake,Kaliveli Lake,12.0980791,79.8928281
"Unnamed Road, Tamil Nadu, IN (11.85, 79.809)",Padalpattu,11.8500944,79.8093782
Benapur. Bagnan. Howrah,Rupnarayan River--Benapur Beach,22.4074791,87.9478592
Kanai chatta,Rasulpur River Estuary,21.7807494,87.8678052
Jhaugeria Bheri,Shankarpur Champa River Estuary,21.6451818,87.5523086
"bankiput, contai, purba medinipur",Bankiput Sea Beach,21.7381345,87.8351355
"Digha,Palsandapur, Purba Medinipur",Amarabati Lake,21.62371,87.50291
Hijkasba,Rasulpur River Estuary,21.7933934,87.8929515
"Mukundapur Main Road, Eryafatepur, West Bengal, IN (21.756, 87.676)",Mukundapur,21.7562317,87.6764292
Bakiput,Rasulpur River Estuary,21.7735513,87.8851888
Hijli Sariff Coast,Rasulpur River Estuary,21.7963866,87.8986317
"Moyna, Hoglabari, Purba Medinipur",Moyna Wetlands,22.2506133,87.7791524
Moyna,Moyna Wetlands,22.2578421,87.749927
Moyna,Moyna Wetlands,22.2550221,87.7184701
"Hijli Road, Pratappur, West Bengal, IN (21.795, 87.896)",Rasulpur River Estuary,21.7950981,87.8956139
Moyna,Moyna Wetlands,22.2445758,87.7718031
"Unnamed Road, Daulatpur, West Bengal, IN (21.781, 87.858)",Rasulpur River Estuary,21.7808086,87.8581226
Dobanki,Sundarbans National Park,22.0093475,88.7628794
"Sajnekhali, Sundarban",Sundarbans National Park,22.1266759,88.8262546
"Dobanki Sundarban  (22.008, 88.762)",Sundarbans National Park,22.0081644,88.7622859
"Balli Island, West Bengal, IN (22.085, 88.76)",Sundarbans National Park,22.0851801,88.7596735
"Arabhanga River, National Park West, Sundarban Tiger Reserve",Sundarbans National Park,21.67589,88.812008
"Sundarban NP, West Bengal, IN (21.946, 88.723)",Sundarbans National Park,21.9462823,88.7232487
"West Bengal, IN (22.019, 88.78)",Sundarbans National Park,22.0185005,88.78036
Sunderbans national park 22.006x88.761 - 2 Feb 2016 22:43,Sundarbans National Park,22.0061172,88.761
"Bally Jungle Camp, Bally Island",Sundarbans National Park,22.0968536,88.750906
IN - 22.153x88.853 - 3 Feb 2016 17:28,Sundarbans National Park,22.1529129,88.8525488
Sunderbans National Park,Sundarbans National Park,21.8691985,88.8912758
pakhi jungle,Sundarbans National Park,22.0220559,88.7769829
"Sundarbans, West Bengal, IN (22.126, 88.81)",Sundarbans National Park,22.1262611,88.8095765
"Sundarban, West Bengal, IN (22.03, 88.795)",Sundarbans National Park,22.0303957,88.7946457
"West Bengal, IN (21.989, 88.768)",Sundarbans National Park,21.9886604,88.7679342
Sundarban National Park,Sundarbans National Park,22.021668,88.815834
Sundarban National park,Sundarbans National Park,22.13988,88.88603
Sundarbans NP - Sudhanyakhali Watch Tower,Sundarbans National Park,22.1058482,88.783747
Sundorbon,Sundarbans National Park,22.021667,88.815833
Sunderbans national park 22.108x89.005 - 3 Feb 2016 17:32,Sundarbans National Park,22.1081664,89.0046862
IN - 22.007x88.761 - 2 Feb 2016 22:40,Sundarbans National Park,22.0074935,88.7610875
"Sundarbans, West Bengal, IN (22.115, 88.796)",Sundarbans National Park,22.1147721,88.7962577
Sundarbans National Park,Sundarbans National Park,21.9,88.8
"West Bengal, IN (21.991, 88.772)",Sundarbans National Park,21.990834,88.7716223
"IN (22.044, 88.753)",Sundarbans National Park,22.0442809,88.7526971
"IN (22.03, 88.759)",Sundarbans National Park,22.0300571,88.7589289
"Sudhanyakhali khal, Sundarban, West Bengal, India",Sundarbans National Park,22.0935018,88.8035205
"(22.126, 88.807)",Sundarbans National Park,22.1257299,88.8068116
"West Bengal, IN (22.082, 88.816)",Sundarbans National Park,22.0820907,88.8160049
Samsernagar,Sundarbans National Park,22.1498877,89.0881348
"IN (22.027, 88.759)",Sundarbans National Park,22.027118,88.759311
Sunderbans,Sundarbans National Park,22.0920024,88.884201
"West Bengal, IN (22.018, 88.782)",Sundarbans National Park,22.0181862,88.7821757
"Jharkhali Park Road, Lot No 126, West Bengal, IN (21.99, 88.776) Choragazi",Sundarbans National Park,21.9901545,88.775923
Sunderbans Tiger Reserve,Sundarbans National Park,22.0059826,88.8537512
Frazergunj,Fraserganj/Kargil Sea Beach,21.5734535,88.242303
Sundarban Tiger Reserve,Sundarbans National Park,21.9881739,88.7579496
Henry's Island,Henry's Island Sea Beach,21.5837743,88.3028521
Kalisthan beach,Kalisthan Sea Beach,21.6021359,88.2843304
Bakkhali,Bakkhali Sea Beach,21.5628937,88.263837
Sundarbans Nationals Park,Sundarbans National Park,21.8379777,88.8851988
SundarbansTiger Reserve--Dobanki camp,Sundarbans National Park,21.9898102,88.7569855
Amlamethi Chaar,Sundarbans National Park,22.1238897,88.7401033
"Jambu Dweep (21.575, 88.197)",Jambudweep,21.5749644,88.1973892
Patibania,Patibunia,21.610721,88.229394
"Amlamethi Side, Bali: Sundarban",Sundarbans National Park,22.1302929,88.7432715
Sunderbans Tiger Reserve--Chamta Camp,Sundarbans National Park,21.860828,88.913859
"Henry Island, West Bengal, IN (21.585, 88.303)",Henry's Island Sea Beach,21.5847448,88.3029865
"West Bengal, IN (21.579, 88.239)",Fraserganj/Kargil Sea Beach,21.5786574,88.2394422
Kargil Sea Beach,Fraserganj/Kargil Sea Beach,21.574385,88.240302
"Frazergunj , IN (21.572, 88.243)",Fraserganj/Kargil Sea Beach,21.5715676,88.242858
"IN-West Bengal - Frashergunj -Bay of Bengal (21.5746,88.2382)",Fraserganj/Kargil Sea Beach,21.57457,88.238161
Bakkhali sea beach,Bakkhali Sea Beach,21.5589564,88.2665634
Jambudweep Sandbar,Jambudweep,21.574602,88.197828
"Bakkhali, West Bengal, IN (21.559, 88.272)",Bakkhali Sea Beach,21.558695,88.2721167
Sundarban National Park,Sundarbans National Park,21.8358614,88.884201
Bali Island,Sundarbans National Park,22.0170131,88.7244873
Frezargaunge,Fraserganj/Kargil Sea Beach,21.5758786,88.238529
"Sundarbans,West Bengal, IN (21.867, 88.892)",Sundarbans National Park,21.8666148,88.891785
"Kalisthan Sea Beach, West Bengal, IN (21.59, 88.298)",Kalisthan Sea Beach,21.5896883,88.297915
Mousuni Island,Mousuni Island,21.62017,88.2018578
"Jambu Dweep - West Bengal-Bay of Bengal (21.5736,88.1951)",Jambudweep,21.573647,88.195096
Henry's Island 21.577x88.277 - 11 Oct 2016 2:44 PM,Henry's Island Sea Beach,21.5766148,88.2766591
"Unnamed Road, Susni Island, IN (21.572, 88.243)",Fraserganj/Kargil Sea Beach,21.5715627,88.2429658
"Kalisthan Beach, Henry Island, West Bengal, IN (21.589, 88.292)",Kalisthan Sea Beach,21.5892233,88.2919583
Sundarban National Park,Sundarbans National Park,21.8359261,88.884201
"Henrys Island -  IN-West Bengal-Bay of Bengal (21.5830,88.3036)",Henry's Island Sea Beach,21.583029,88.30363
Mousuni,Mousuni Island,21.6210084,88.2015158
"Kalas camp, Sundarbans",Sundarbans National Park,21.6902605,88.5682583
"Frazergunj (21.576, 88.237)",Fraserganj/Kargil Sea Beach,21.5764449,88.236904
"Sundarbans West Bengal, IN (22.08, 88.86)",Sundarbans National Park,22.0799112,88.8604032
"Unnamed Road, Henry Island, West Bengal, IN (21.575, 88.29) Henry Fishery Lodge",Henry's Island Sea Beach,21.5748088,88.2899355
"Unnamed Road, Haripur, West Bengal, IN (21.603, 88.285)",Kalisthan Sea Beach,21.602893,88.2854033
"West Bengal, IN (21.836, 88.884)",Sundarbans National Park,21.8360329,88.8843077
"Bankura - Beliator - Sonamukhi - Khandaghosh - Nischintapur Road, West Bengal, IN (21.993, 88.217)",Hooghly River--Uttar Chandrapur,21.9930261,88.2167826
"Frazergunj jetty area, West Bengal, IN (21.58, 88.251)",Fraserganj/Kargil Sea Beach,21.5796358,88.2509566
Sunderban Biosphere Reserve,Sundarbans National Park,22.0181325,88.7265054
Bali Island-Bali Village,Sundarbans National Park,22.0996767,88.7545752
"Gangasagar- Chemaguri- Gangasagar- Dhablat- Bisalakshmipur Road, Dhablat, West Bengal, IN (21.634, 88.129)",Sagar Island,21.6339001,88.1286534
Sundarbans National Park,Sundarbans National Park,22.0907765,88.7984292
"West Bengal, IN (22.007, 88.759)Bidya River, Dobanki Camp",Sundarbans National Park,22.0068704,88.7593063
Sunderban National Park,Sundarbans National Park,21.8357394,88.8842652
Sunderbans,Sundarbans National Park,21.8572946,88.9057038
"Unnamed Road, Susni Island, IN (21.576, 88.24)",Fraserganj/Kargil Sea Beach,21.5762271,88.2397826
"Mousuni Dweep, Baliara, West Bengal, IN (21.608, 88.208)",Mousuni Island,21.6077236,88.2080834
"Sundarbans, West Bengal, India",Sundarbans National Park,21.669,88.649
"DOBANKI, SUNDARBAN",Sundarbans National Park,22.0010801,88.7604468
"Sundarban Tiger Reserve (22.061, 88.811)",Sundarbans National Park,22.06125,88.8113168
Baruipur Marshes,Baruipur Marshes,22.3626971,88.3906103
"West Bengal, IN (22.104, 88.622)",Sundarbans National Park,22.1040431,88.622448
Sundarbans Jungle Camp,Sundarbans National Park,22.0931704,88.7543956
"Sajnekhali, Sundarban",Sundarbans National Park,22.1242999,88.8295727
"Frazergunj, IN (21.571, 88.243)",Fraserganj/Kargil Sea Beach,21.570554,88.2432934
"Freserganj Sea Mouth, IN (21.581, 88.234)",Fraserganj/Kargil Sea Beach,21.5807561,88.2340715
"West Bengal, IN (22.051, 88.825)",Sundarbans National Park,22.051476,88.8249731
"Kargil Beach, Frasergunj, WB",Fraserganj/Kargil Sea Beach,21.576481,88.237995
"Namkhana, Uttar-Paschim Para, West Bengal, IN (21.759, 88.222)",Hooghly River--Narayanganj,21.7590403,88.2218243
Sajnekhali Wildlife Sanctuary,Sundarbans National Park,22.123189,88.830254
"Frazergunj (21.579, 88.251)",Fraserganj/Kargil Sea Beach,21.5794944,88.250714
Sagar Island,Sagar Island,21.633016,88.0763412
Sundarbans NP - Sudhanyakhali Watch Tower,Sundarbans National Park,22.1015283,88.802911
Kishorimohanpur,Sundarbans National Park,21.8668027,88.5129967
Jharkhali dock,Sundarbans National Park,22.0225546,88.6735811
"Sudhanyakhali khal, Sundarban",Sundarbans National Park,22.0862799,88.8242299
"Unnamed Road, IN (21.565, 88.249)",Fraserganj/Kargil Sea Beach,21.565001,88.248822
"West Bengal, IN (22.002, 88.76)",Sundarbans National Park,22.0020615,88.7604137
"West Bengal, IN (22.066, 88.747)",Sundarbans National Park,22.0662096,88.7470097
"Bay of Bengal II , IN (21.544, 88.163)",Jambudweep,21.543655,88.1635
"Frazergunj (By Boat) , WB (21.582, 88.235)",Fraserganj/Kargil Sea Beach,21.58178,88.2346233
Godkhali Mangroves,Sundarbans National Park,22.1619251,88.7841133
Benfish Jetty,Fraserganj/Kargil Sea Beach,21.5794385,88.2510847
Jharkhali,Sundarbans National Park,22.0520532,88.6646569
Sundarban NP,Sundarbans National Park,21.838013,88.8853471
"Bally Island, Sundarban , 24parganas (S) , West Bengal , India .",Sundarbans National Park,22.0929196,88.7670644
Coastal Sundarban,Sundarbans National Park,21.6548328,88.3682729
Sundarbans,Sundarbans National Park,21.8379777,88.8851988
"Bonnie Camp, Sundarban Biosphere Reserve",Sundarbans National Park,21.8300701,88.6230183
"Bakkhali Sea Beach, West Bengal, IN (21.56, 88.262)",Bakkhali Sea Beach,21.55974,88.2623417
"Henry Island , West Bengal , India",Henry's Island Sea Beach,21.5768862,88.2923341
Sajnekhali,Sundarbans National Park,22.1238104,88.8312864
"Bakkhali Road, Fedric Island, West Bengal, IN (21.561, 88.267)",Bakkhali Sea Beach,21.560675,88.266945
"Fraserganj, West Bengal, IN (21.569, 88.25)",Fraserganj/Kargil Sea Beach,21.568649,88.2498214
Sundarbans,Sundarbans National Park,21.7359943,88.2923227
Sundarbans,Sundarbans National Park,22.105939,88.845782
"Sajnekhali Tiger Reserve, West Bengal, India",Sundarbans National Park,22.0841947,88.8676908
"Bakkhali, West Bengal, IN (21.559, 88.269)",Bakkhali Sea Beach,21.5592649,88.2694412
"Matla River Bank, Canning",Matla River--Canning,22.3025035,88.6744482
"Sarakkhali,Sundarban Tiger Reserve, West Bengal, IN (22.128, 88.824)",Sundarbans National Park,22.1277986,88.8235602
Sundarban Tiger Reserve Kendo Island,Sundarbans National Park,21.5640808,88.8908546
Kaikhali,Sundarbans National Park,22.0355254,88.627696
"West Bengal, IN (21.998, 88.815)",Sundarbans National Park,21.9982186,88.8148938
Maipith 2hrs from Raidighi,Sundarbans National Park,21.9081575,88.4683721
"Sundarban, West Bengal, IN (22.128, 88.822)",Sundarbans National Park,22.1284514,88.8222342
"Henry Island, National Highway 117",Henry's Island Sea Beach,21.5758,88.30036
"Sundarban Tiger Reserve, West Bengal, IN (22.009, 88.76)",Sundarbans National Park,22.009,88.76
"Unnamed Road, Pakhiralay, West Bengal, IN (22.131, 88.824)",Sundarbans National Park,22.1309625,88.823625
"Sundarban NP, Amlamethi, West Bengal, IN (22.075, 88.756)",Sundarbans National Park,22.0750989,88.7557735
"(22.014, 88.688)",Sundarbans National Park,22.0135397,88.6876585
Kalistan,Kalisthan Sea Beach,21.600175,88.284799
Datta River,Sundarbans National Park,22.1397852,88.7907303
"Haripur, West Bengal, IN (21.649, 88.29)",Lothian Island,21.6490193,88.290126
Ramnagar,Hooghly River--Ramnagar,22.253,88.088
"Unnamed Road, Amlamethi, West Bengal, IN (22.085, 88.754)",Sundarbans National Park,22.0845053,88.7540422
"West Bengal, IN (22.007, 88.76)",Sundarbans National Park,22.0065962,88.760115
Burirdabri,Sundarbans National Park,22.0777262,89.0294373
"Frazergunj to Jambu Dweep, West Bengal, IN (21.58, 88.252)",Fraserganj/Kargil Sea Beach,21.5802033,88.2515033
Fulbari Sagar Island,Sagar Island,21.8673233,88.1235829
"West Bengal, IN (22.008, 88.761)",Sundarbans National Park,22.0075272,88.7606592
"West Bengal, IN (21.984, 88.632)",Sundarbans National Park,21.9844776,88.6318613
Piyali Island Tourist Lodge,Sundarbans National Park,22.1339924,88.6001116
Jambudeep Crossing,Jambudweep,21.5632261,88.2076735
"West Bengal, IN (22.066, 88.698)",Sundarbans National Park,22.0663418,88.6979331
"Asit Baran School Road, Amlamethi, West Bengal, IN (22.089, 88.761)",Sundarbans National Park,22.089475,88.761245
"Unnamed Road, Mathurakhanda, IN (22.057, 88.727)",Sundarbans National Park,22.0574461,88.7266621
"Mousuni Ferry Ghat, Kusumtala, West Bengal, IN (21.653, 88.228)",Mousuni Island,21.6534171,88.2280171
"Frazergunj (towards jetty area) (21.574, 88.234)",Fraserganj/Kargil Sea Beach,21.5744925,88.2336358
"West Bengal, IN (21.998, 88.758)",Sundarbans National Park,21.997945,88.7583306
"Gangasagar, West Bengal, IN (21.635, 88.068)",Sagar Island,21.6352871,88.0678231
"West Bengal, IN (22.041, 88.831)",Sundarbans National Park,22.0409321,88.8308811
"West Bengal, IN (21.987, 88.763)",Sundarbans National Park,21.9874033,88.7626265
Mousuni Island Beach,Mousuni Island,21.6075538,88.2092002
"Susni Island, IN (21.571, 88.243)",Fraserganj/Kargil Sea Beach,21.5709766,88.2432351
"Frazergunj, Susni Island, IN (21.577, 88.237)",Fraserganj/Kargil Sea Beach,21.5771223,88.2374239
bakhali seabeach,Bakkhali Sea Beach,21.5590762,88.2552338
Fraserganj kargil beach,Fraserganj/Kargil Sea Beach,21.575388,88.2404452
Frazergunj,Fraserganj/Kargil Sea Beach,21.5647836,88.248775
"Kalisthan, Bijaybati, West Bengal, IN (21.596, 88.287)",Kalisthan Sea Beach,21.5957035,88.2867115
"Henry Island, West Bengal, IN (21.571, 88.276)",Henry's Island Sea Beach,21.5707184,88.2761898
Sundarban National Park,Sundarbans National Park,21.8951106,88.9085984
Freserganj beach,Fraserganj/Kargil Sea Beach,21.5756391,88.2418442
"Unnamed Road, Susni Island, IN (21.578, 88.237)",Fraserganj/Kargil Sea Beach,21.5782684,88.2371513
Kargil Beach,Fraserganj/Kargil Sea Beach,21.5711294,88.2427508
"Fredrick Island & Bakkhali Outskirts, IN (21.558, 88.269)",Bakkhali Sea Beach,21.5577604,88.2688123
"Patibunia Char, West Bengal, IN (21.58, 88.24)",Fraserganj/Kargil Sea Beach,21.5796003,88.2401738
Frasseaurgaunge beach,Fraserganj/Kargil Sea Beach,21.5647836,88.2487911
"West Bengal, IN (21.574, 88.238)",Fraserganj/Kargil Sea Beach,21.5744827,88.2381069
